낚시터명,낚시터유형,소재지도로명주소,WGS84위도,WGS84경도,주요어종,이용요금,데이터기준일자
신시도 유료낚시터,바다,전북특별자치도 군산시 옥도면 신시도길 40,35.81812509,126.4490189,우럭+도미 등,"20,000원",2024-12-02
송현낚시터,평지,"전북특별자치도 완주군 고산면 남봉로 5-98, 송현낚시터",35.9679,127.1867,"붕어, 송어","25,000원",2024-08-13
호암낚시터,기타,"전북특별자치도 임실군 신평면 호암3길 1-20, 호암사계절낚시터",35.654754,127.24716,"붕어류, 잉어류",20000원,2025-06-26
자연을닮은사람들,저수지,,35.645866,127.286135,"향어류, 잉어류, 붕어류",35000원,2025-06-26
자연을닮은사람들,저수지,,35.645866,127.286135,"향어류, 잉어류, 붕어류",35000원,2025-06-26
호암낚시터,기타,"전북특별자치도 임실군 신평면 호암3길 1-20, 호암사계절낚시터",35.654754,127.24716,"붕어류, 잉어류",20000원,2025-06-26
백화낚시터,저수지,전북특별자치도 진안군 안천면 진무로 3206,35.90144004,127.574178,붕어,"1일 20,000원",2025-06-20
산외 강현낚시터,기타,전북특별자치도 정읍시 산외면 상두1길 11-17,35.6315183,127.0596968,"붕어,잉어,기타 내수면어종","08시~22시 / 25,000원08시~익일 08시 / 50,000원",2022-05-19
우정낚시터,기타,전북특별자치도 정읍시 소성면 소성상평로 238,35.5603433,126.8053888,붕어+잉어,1일 15000원,2022-05-19
자바라,기타,전북특별자치도 전주시 완산구 평화로 69,35.7830203,127.1331617,잉어,1일 10000원,2021-10-20
송치낚시터,평지,전북특별자치도 남원시 주천면 웅치길 20,35.377,127.432,"붕어, 잉어, 향어","20,000",2024-07-16
물만난고기,기타,"대전 중구 대종로 488번길 39, 지하(은행동)",36.329039,127.42833,붕어 등,"10,000원",2022-06-17
Love낚시카페,기타,"대전광역시 서구 관저로 160, 지하1층",36.29872121,127.3395894,"붕어, 잉어","10,000원",2023-04-13
우명실내낚시터,기타,대전광역시 서구 우명길 148(우명동),36.2287571,127.2935111,"붕어, 잉어","15,000원",2023-04-13
물만난고기,기타,"대전광역시 중구 대종로 488번길 39, 지하(은행동)",36.329039,127.42833,붕어 등,"10,000원",2024-06-30
물만난고기,기타,"대전광역시 중구 대종로 488번길 39, 지하(은행동)",36.329039,127.42833,붕어 등,"10,000원",2023-08-24
물만난고기,기타,"대전광역시 중구 대종로 488번길 39, 지하(은행동)",36.329039,127.42833,붕어 등,"10,000원",2024-01-01
㈜정성레저,바다,인천광역시 중구 백운로186번길 140-1 (중산동),37.51420751,126.5436932,"돔, 점성어","70,000원(성인남성기준)",2020-09-10
포인트실내낚시카페낚시터,기타,"인천광역시 중구 우현로 63, 몽벨,대한애경미용학원,이용화이비인후과 (내동)",37.4728317,126.6289879,잉어+붕어,"10,000(시간당/성인남성기준)",2020-09-10
(주)영종레저,바다,"인천광역시 중구 영종순환로 279-20, 만정낚시터 (중산동)",37.5154665,126.5499277,돔+점성어+붕어,"60,000원(성인남성기준)",2020-09-10
대동실내낚시터,기타,"인천광역시 서구 심곡로 133, 대동상가 지하 1층 (심곡동)",,,붕어,"성인 기본 1시간 11,000원",2024-07-23
두밀촌 낚시터,평지,인천광역시 서구 두밀로 91 (대곡동),,,붕어,"1일 30,000원",2024-07-23
인천 락 실내바다낚시터,기타,인천광역시 서구 한서로 36-10 (백석동),,,활바다가재,"3시간 : 45,000원 6시간 : 80,000원 9시간 : 100,000원",2024-07-23
놀이터 실내낚시카페,기타,"인천광역시 서구 가정로 208, 지하 1층 (석남동)",,,"메기, 향어","남성 : 11,000원 여성 : 10,000원 어린이 : 8,000원 커플 : 20,000원",2024-07-23
가현산낚시터,평지,인천광역시 서구 가현산로23번길 87 (마전동),,,향어,"1일 35,000원",2024-07-23
낭만물고기,기타,"인천광역시 서구 검단로 492, 지하 1층 (마전동)",,,"메기, 잉어, 향어","성인남성 1시간 : 11,000원 성인여성 1시간 : 9,900원",2024-07-23
내동저수지낚시터,저수지,인천광역시 옹진군 영흥면 내동로 100-15,,,"붕어, 잉어, 메기, 가물치 등","24시간 30,000원",2020-12-14
용담낚시터,기타,"인천광역시 옹진군 영흥면 영흥남로9번길 309, 용담어촌계축양장",,,"돔류, 병어,  다금바리, 민어 등","12시간 60,000원",2020-12-14
선재낚시터,기타,"인천광역시 옹진군 영흥면 선재로265번길 103, 선재고물상",,,"돔류, 농어, 우럭, 홍민어 등","12시간 77,000원 2시간 45,000원 방가로 이용 40,000원",2020-12-14
영흥바다낚시터,기타,"인천광역시 옹진군 영흥면 영흥로176번길 21, 낚시터",,,"농어, 능성어, 우럭, 돔류 등","20시간 남성 77,000원 20시간 여성 55,000원 20시간 초등학생 55,000원",2020-12-14
선재 낚시공원 낚시터,기타,인천광역시 옹진군 영흥면 선재로226번길 164,,,"돔류, 바리류, 민어, 병어, 농어","12시간 남성 100,000원 12시간 여성 80,000원 12시간 초중생 70,000원",2020-12-14
DMZ실내낚시터,기타,"인천광역시 계양구 경명대로 1056, 지층 1호 (계산동)",37.5432864094,126.724138055,"잉어, 붕어","시간당 10,000원",2025-05-01
삼성낚시터,기타,인천광역시 강화군 불은면 삼성리 1123 외,37.414703,126.262973,붕어+잉어,70000,2025-04-11
황산초지사계절바다낚시터,기타,"인천광역시 강화군 길상면 초지리 1325-57, 1325-58-, 1325-59",37.62125051,126.5347876,우럭+광어,60000,2025-04-11
어류정낚시터,기타,인천광역시 강화군 삼산면 매음리 114-72,37.66107251,126.336902,붕어+잉어,20000,2025-04-11
강화선두바다낚시터,기타,인천광역시 강화군 길상면 선두리 976-20,37.60086755,126.4935967,우럭+광어,60000,2025-04-11
강화바다낚시터,기타,인천광역시 강화군 길상면 장흥리 276-5,37.60690383,126.5168784,우럭+광어,60000,2025-04-11
길상낚시터,저수지,인천광역시 강화군 길상면 장흥리 16,37.62515984,126.5012775,붕어+잉어,30000,2025-04-11
동검낚시터,저수지,인천광역시 강화군 길상면 동검리 109-1,37.58768059,126.5222735,우럭+광어,60000,2025-04-11
양오낚시터,저수지,인천광역시 강화군 송해면 양오리 10-2,37.80023879,126.4474212,붕어+잉어,20000,2025-04-11
고구낚시터,저수지,인천광역시 강화군 교동면 고구리 243 외,37.79635,126.292765,붕어+잉어,20000,2025-04-11
항포낚시터,저수지,인천광역시 강화군 삼산면 석모리 1148,37.70636707,126.2840291,붕어+잉어,20000,2025-04-11
신선지낚시터,저수지,인천광역시 강화군 내가면 고천리 1852-1,37.72045498,126.4152577,붕어+잉어,30000,2025-04-11
길정낚시터,저수지,인천광역시 강화군 양도면 길정리 403-1,37.66259233,126.467195,붕어+잉어,20000,2025-04-11
오류내낚시터,저수지,인천광역시 강화군 송해면 하도리 621,37.75926215,126.4520722,붕어+잉어,20000,2025-04-11
국화낚시터,저수지,인천광역시 강화군 강화읍 국화리 450,37.74460253,126.4619292,붕어+잉어,75000,2025-04-11
내가낚시터,저수지,인천광역시 강화군 내가면 고천리 462,37.72518794,126.3936217,붕어+잉어,20000,2025-04-11
황청낚시터,저수지,인천광역시 강화군 내가면 황청리 531,37.71508509,126.3638447,붕어+잉어,30000,2025-04-11
인산낚시터,저수지,인천광역시 강화군 양도면 인산리 105,37.69854279,126.4312672,붕어+잉어,20000,2025-04-11
파도바다 실내낚시터,기타,"인천광역시 남동구 남동대로 897번길 5, 제지층(간석동)",37.4623753,126.7077663,우럭+방어+도다리+참돔,"1시간 25,000 + 3시간 40,000",2024-07-10
놀러와 실내낚시터,기타,"인천광역시 남동구 백범로 203, 지층 102호(만수동)",37.45945344,126.7261954,잉어+향어,"성인: 12,000 + 청소년: 10,000 + 초등 :6,000",2024-07-10
어썸 실내낚시카페,기타,"인천광역시 남동구 백범로 417, 지하1층(간석동)",37.4672684,126.7025735,잉어+붕어+향어,"성인: 11,000 + 청소년: 9,000 + 초등: 6,000",2024-07-10
나까보까 실내낚시터,기타,"인천광역시 남동구 구월로 291, 지하1층(만수동)",37.4558425,126.7207845,잉어+향어+비단금붕어,"성인: 12,000 + 청소년: 10,000 + 초등: 8,000",2024-07-10
얼빵 낚시카페,기타,"인천광역시 남동구 인주대로 580, 지하 2층(구월동)",37.4497578,126.6991131,잉어+향어,"성인: 10,000 + 초등: 8,000",2024-07-10
또와또 실내낚시터,기타,인천광역시 남동구 남동대로 881 지하층(간석동),37.4656135,126.707077,잉어+향어,"성인: 10,000 + 청소년: 8,000 + 초등미만: 5,000",2024-07-10
남촌낚시터,기타,인천광역시 남동구 남촌로 67번길 60-3(남촌동),37.4266899,126.7128884,붕어+잉어+향어,"20,000",2024-07-10
소래바다낚시터,기타,인천광역시 남동구 소래로 154번길 25-40(논현동),37.40682335,126.7405419,우럭+감성돔+돗돔+능성어,"40,000",2024-07-10
영종뚜루실내바다낚시터,기타,"인천광역시 중구 영종진광장로 45, 3층 (중산동)",,,-,"33,000원/2시간",2024-07-22
J&D 실내바다낚시터,기타,"인천광역시 중구 서해대로417번길 2, 재향군인회관 지1층 (신흥동2가)",,,-,"40,000원/3시간",2024-07-22
천혜바다낚시터,저수지,인천광역시 중구 중산로 124 (중산동),,,-,"80,000원/일",2024-07-22
주주실내낚시클럽,기타,"인천광역시 미추홀구 주안로 113, 덕진빌딩 지하2층 (주안동)",37.46425733,126.6822339,잉어+붕어,(1시간)10000,2024-07-29
도시어부낚시카페,기타,"인천광역시 미추홀구 주안로104번길 24, 지하2층제2호(주안동)",37.46282174,126.6809926,잉어+붕어,(1시간)10000,2024-07-29
뚜루실내바다낚시터,기타,"인천광역시 서구 세자봉로 97-12, 공장 (금곡동)",,,"민어, 참돔, 점농어 등","2시간 : 33,000원 4시간 : 44,000원 7시간 : 66,000원",2024-07-23
착한붕어 낚시카페,기타,"서울특별시 종로구 대학로8가길 52, 지하1층 (동숭동)",37.582964,127.002648,붕어,"1시간(성인:10천원, 초,중,고 학생:9천원)",2020-07-09
붕어의 신,기타,서울특별시 양천구 신월로 321,37.5217038,126.8565155,붕어,"1시간(남 10천, 여9천, 커플18천, 청소년 7천, 아동 5천)  1시간 추가시 요금 발생",2020-05-30
가자실내낚시터,기타,서울특별시 양천구 지양로 34,37.519435,126.8363231,붕어,"1시간(남 10천, 여10천, 아동 8천)",2020-05-30
입큰붕어낚시카페,기타,"서울특별시 은평구 은평로 101, 지하1층 (응암동)",,,-,"10,000원/시간",2021-06-30
잉어킹낚시카페,기타,"서울특별시 은평구 연서로26길 8, 지하1층 (대조동)",,,민물고기,"10,000원/시간",2021-06-30
성북낚시터,저수지,"서울특별시 성북구 보문로 168, 성북구청 (삼선동5가)",,,붕어,20,2025-06-24
계룡 낚시터,저수지,,36.36086703,127.1576725,"붕어, 잉어",20000,2019-09-25
정안 낚시터,저수지,,36.5804523,127.110813,"붕어, 잉어",20000,2019-09-25
능애 낚시터,저수지,,36.55407334,127.083822,"붕어, 잉어",20000,2019-09-25
월곡 낚시터,저수지,,36.53973952,127.162541,"붕어, 잉어",20000,2019-09-25
경천 낚시터,저수지,,36.3339378,127.1718409,"붕어, 잉어",20000,2019-09-25
행복 낚시터,저수지,,36.54898473,127.1448196,"붕어, 잉어",20000,2019-09-25
우목 낚시터,저수지,,36.4405707,127.009396,"붕어, 잉어",20000,2019-09-25
중흥 낚시터,저수지,,36.57675859,127.1725335,"붕어, 잉어",20000,2019-09-25
고성 낚시터,저수지,,36.58824678,127.0916593,"붕어, 잉어",20000,2019-09-25
명곡 낚시터,저수지,,36.59894926,126.9385268,"붕어, 잉어",20000,2019-09-25
큰목길낚시터,저수지,,36.47066341,127.0771193,"붕어, 잉어",25000,2019-09-25
자연농원,저수지,,36.47066341,127.0771193,"붕어, 잉어",25000,2019-09-25
우성낚시터,저수지,,36.47066341,127.0771193,"붕어, 잉어",25000,2019-09-25
훼미리낚시터,저수지,,36.47066341,127.0771193,"붕어, 잉어",25000,2019-09-25
그린 낚시터,저수지,,36.37153325,127.1686461,"붕어, 잉어",25000,2019-09-25
그린 낚시터,저수지,,36.37153325,127.1686461,"붕어, 잉어",25000,2020-12-22
훼미리낚시터,저수지,,36.47066341,127.0771193,"붕어, 잉어",25000,2020-12-22
우성낚시터,저수지,,36.47066341,127.0771193,"붕어, 잉어",25000,2020-12-22
자연농원,저수지,,36.47066341,127.0771193,"붕어, 잉어",25000,2020-12-22
큰목길낚시터,저수지,,36.47066341,127.0771193,"붕어, 잉어",25000,2020-12-22
명곡 낚시터,저수지,,36.59894926,126.9385268,"붕어, 잉어",20000,2020-12-22
고성 낚시터,저수지,,36.58824678,127.0916593,"붕어, 잉어",20000,2020-12-22
중흥 낚시터,저수지,,36.57675859,127.1725335,"붕어, 잉어",20000,2020-12-22
우목 낚시터,저수지,,36.4405707,127.009396,"붕어, 잉어",20000,2020-12-22
행복 낚시터,저수지,,36.54898473,127.1448196,"붕어, 잉어",20000,2020-12-22
경천 낚시터,저수지,,36.3339378,127.1718409,"붕어, 잉어",20000,2020-12-22
월곡 낚시터,저수지,,36.53973952,127.162541,"붕어, 잉어",20000,2020-12-22
능애 낚시터,저수지,,36.55407334,127.083822,"붕어, 잉어",20000,2020-12-22
정안 낚시터,저수지,,36.5804523,127.110813,"붕어, 잉어",20000,2020-12-22
계룡 낚시터,저수지,,36.36086703,127.1576725,"붕어, 잉어",20000,2020-12-22
계룡 낚시터,저수지,,36.36086703,127.1576725,"붕어, 잉어",20000,2021-10-22
월선 낚시터,저수지,충남 아산시 영인면 아산로1233번길 54,36.873699,126.931875,"붕어,잉어,향어 등",20000,2024-03-12
신왕지낚시터,저수지,충남 아산시 둔포면 이화동길115번길 50,36.9142133,127.0875782,"붕어,잉어,향어 등",30000,2024-05-21
오목낚시터(신창낚시터),저수지,충남 아산시 신창면 서부남로675번길 48,36.7955718,126.933069,"붕어,잉어,향어 등",20000,2024-01-15
송악 낚시터,저수지,충남 아산시 송악면 송악로 560,36.7214327,126.9898213,"붕어,잉어,향어 등",10000,2024-01-15
산들 낚시터,저수지,충남 아산시 배방읍 고불로 229,36.725676,127.0596219,"붕어,잉어,향어 등",20000,2024-01-15
냉정 낚시터,저수지,충남 아산시 인주면 서해로548번길 158,36.868245,126.904669,"붕어,잉어,향어 등",15000,2024-01-15
월랑 낚시터,저수지,충남 아산시 음봉면 월랑길 15-10,36.8436697,127.0804385,"붕어,잉어,향어 등",20000,2024-01-15
대동 낚시터,저수지,충남 아산시 음봉면 송촌리 34,36.84784,127.046914,"붕어,잉어,향어 등",20000,2024-01-15
신수 낚시터,저수지,충남 아산시 음봉면 신수리 51-1,36.843918,126.99831,"붕어,잉어,향어 등",20000,2024-01-15
염치 낚시터,저수지,충남 아산시 염치읍 동정길 159-4,36.821763,126.993657,"붕어,잉어,향어 등",15000,2024-01-15
신휴 낚시터,저수지,충남 아산시 음봉면 신휴길122,36.8910242,127.0704905,"붕어,잉어,향어 등",20000,2024-01-15
봉재 낚시터,저수지,충남 아산시 둔포면 충무로 1258-32,36.883092,127.032207,"붕어,잉어,향어 등",25000,2024-01-15
안골 낚시터,저수지,충남 아산시 영인면 고룡산로 448,36.8789658,126.9878422,"붕어,잉어,향어 등",20000,2024-01-15
죽산 낚시터,저수지,충남 아산시 선장면 서부남로 344,36.7857711,126.8978959,"붕어,잉어,향어 등",20000,2024-01-15
영인 낚시터,저수지,충남 아산시 영인면 영인로 159-20,36.8627459,126.9487696,"붕어,잉어,향어 등",20000,2024-01-15
잔실 낚시터,저수지,충남 아산시 음봉면 신정리 397,36.8735582,127.0167286,"붕어,잉어,향어 등",10000,2024-01-15
삽교천 낚시터,기타,충남 아산시 인주면 아산만로1363,36.8526333,126.8545664,"붕어,잉어,향어 등",10000,2024-07-09
동암 낚시터,기타,충남 아산시 음봉면 음봉로447번길 50,36.8469204,127.0604064,"붕어,잉어,향어 등",10000,2024-05-29
낭만물고기실내낚시카페,기타,"충남 아산시 배방읍 배방로13번길 23, 2층",36.775944,127.056904,"메기,잉어,향어 등",10000,2021-12-31
아산락실내바다낚시터,기타,충남 아산시 염치읍 백암길 148-1,36.8058557,127.0359602,"참돔,활점농어,바닷가재 등",40000,2021-12-31
서부낚시터,저수지,충청남도 서천군 종천면 대백제로 1458,36.12103723,126.692348,붕어,1일 60000원,2023-12-08
배다리낚시터,저수지,충청남도 서천군 서면 주원로 10-3,36.15600648,126.572178,붕어,1일 60000원,2023-12-08
창리해상낚시터,바다,충청남도 서산시 부석면 창리 지선,36.369181,126.224581,조피볼락+숭어,"50,000원",2023-12-15
덕송지낚시터,저수지,충청남도 서산시 팔봉면 덕송리 842-5,36.835062,126.339584,붕어+잉어,"110,000원",2023-12-15
대요낚시터,저수지,충청남도 서산시 지곡면 대요리 713,36.886992,126.428141,붕어+잉어,"60,000원",2023-12-15
계룡 낚시터,저수지,,36.36086703,127.1576725,"붕어, 잉어",20000,2021-10-22
정안 낚시터,저수지,,36.5804523,127.110813,"붕어, 잉어",20000,2021-10-22
능애 낚시터,저수지,,36.55407334,127.083822,"붕어, 잉어",20000,2021-10-22
월곡 낚시터,저수지,,36.53973952,127.162541,"붕어, 잉어",20000,2021-10-22
경천 낚시터,저수지,,36.3339378,127.1718409,"붕어, 잉어",20000,2021-10-22
행복 낚시터,저수지,,36.54898473,127.1448196,"붕어, 잉어",20000,2021-10-22
우목 낚시터,저수지,,36.4405707,127.009396,"붕어, 잉어",20000,2021-10-22
중흥 낚시터,저수지,,36.57675859,127.1725335,"붕어, 잉어",20000,2021-10-22
고성 낚시터,저수지,,36.58824678,127.0916593,"붕어, 잉어",20000,2021-10-22
명곡 낚시터,저수지,,36.59894926,126.9385268,"붕어, 잉어",20000,2021-10-22
큰목길낚시터,저수지,,36.47066341,127.0771193,"붕어, 잉어",25000,2021-10-22
자연농원,저수지,,36.47066341,127.0771193,"붕어, 잉어",25000,2021-10-22
우성낚시터,저수지,,36.47066341,127.0771193,"붕어, 잉어",25000,2021-10-22
훼미리낚시터,저수지,,36.47066341,127.0771193,"붕어, 잉어",25000,2021-10-22
그린 낚시터,저수지,,36.37153325,127.1686461,"붕어, 잉어",25000,2021-10-22
그린 낚시터,저수지,,36.37153325,127.1686461,"붕어, 잉어",25000,2021-10-22
훼미리낚시터,저수지,,36.47066341,127.0771193,"붕어, 잉어",25000,2021-10-22
우성낚시터,저수지,,36.47066341,127.0771193,"붕어, 잉어",25000,2021-10-22
자연농원,저수지,,36.47066341,127.0771193,"붕어, 잉어",25000,2021-10-22
큰목길낚시터,저수지,,36.47066341,127.0771193,"붕어, 잉어",25000,2021-10-22
명곡 낚시터,저수지,,36.59894926,126.9385268,"붕어, 잉어",20000,2021-10-22
고성 낚시터,저수지,,36.58824678,127.0916593,"붕어, 잉어",20000,2021-10-22
중흥 낚시터,저수지,,36.57675859,127.1725335,"붕어, 잉어",20000,2021-10-22
우목 낚시터,저수지,,36.4405707,127.009396,"붕어, 잉어",20000,2021-10-22
행복 낚시터,저수지,,36.54898473,127.1448196,"붕어, 잉어",20000,2021-10-22
경천 낚시터,저수지,,36.3339378,127.1718409,"붕어, 잉어",20000,2021-10-22
월곡 낚시터,저수지,,36.53973952,127.162541,"붕어, 잉어",20000,2021-10-22
능애 낚시터,저수지,,36.55407334,127.083822,"붕어, 잉어",20000,2021-10-22
정안 낚시터,저수지,,36.5804523,127.110813,"붕어, 잉어",20000,2021-10-22
수신낚시터,저수지,"충청남도 천안시 동남구 수신면 발산1길 147-106, 수신낚시터",36.71158316,127.2940376,붕어+잉어,"1일 30,000원",2024-07-18
마정낚시터,저수지,충청남도 천안시 서북구 직산읍 금곡로 176,36.87443248,127.0999291,붕어+잉어,"1일 25,000원",2024-07-18
남창낚시터,저수지,"충청남도 천안시 서북구 성거읍 보명사길 62, 남창낚시터",36.86121783,127.1990668,붕어+잉어,"1일 30,000원",2024-07-18
무네미낚시터,저수지,충청남도 천안시 동남구 동면 장송죽계길 40,36.78076246,127.3704271,붕어+잉어,"1일 30,000원",2024-07-18
부대낚시터,저수지,"충청남도 천안시 서북구 안터길 38-29, 부대동낚시터 (부대동)",36.84090025,127.1590725,"붕어,잉어,향어,메기","1일 20,000원",2024-07-18
신월낚시터,저수지,"충청남도 천안시 서북구 성거읍 신월길 165-29, 신월낚시터",36.86809119,127.1646074,붕어+잉어,"1일 20,000원",2024-07-18
석곡낚시터,저수지,"충청남도 천안시 서북구 직산읍 부송로 43-38, 석곡낚시터",36.89071113,127.1028245,붕어+잉어,"1일 20,000원",2024-07-18
덕성낚시터,저수지,충청남도 천안시 동남구 동면 덕성1길 52,36.80984881,127.3697076,붕어+잉어,"1일 15,000원",2024-07-18
방축낚시터,저수지,충청남도 천안시 서북구 직산읍 군동3길 26,36.89959299,127.1693812,붕어+잉어,"평일 10,000원 주말 15,000원",2024-07-18
원산도 선촌 해양낚시터,바다,충청남도 보령시 원산도리 540지선,36.385009,126.42969,"조피볼락, 주꾸미","1일 25,000원",2024-07-18
숲속애바다실내낚시터,기타,충청남도 보령시 통나무1길 80,36.329072,126.52855,"돔류, 민어류, 농어류","4시간 49,000원",2024-07-18
강남호,바다,충청남도 태안군 고남면 안면대로 4439,36.408243,126.419369,우럭,100000,2023-03-30
경남수산,바다,충청남도 태안군 고남면 탄개길 33,36.40810295,126.422973,우럭,100000,2023-03-30
영목수산좌대,바다,충청남도 태안군 고남면 월고지길 53,36.399587,126.4265487,우럭,100000,2023-03-30
안면도영목항,바다,충청남도 태안군 고남면 안면대로 4558,36.400055,126.426424,우럭,100000,2023-03-30
대일,바다,충청남도 태안군 고남면 고남리 125,36.407639,126.42209,우럭,100000,2023-03-30
미조리,바다,충청남도 태안군 고남면 월고지길 49-7,36.39971346,126.4263766,우럭,100000,2023-03-30
대박,바다,충청남도 태안군 고남면 안면대로 4407-239,36.4182042,126.428521,우럭,100000,2023-03-30
천우수산,바다,충청남도 태안군 안면읍 대야로 304-41,36.46427427,126.4163916,우럭,100000,2023-03-30
여정수산,바다,충청남도 태안군 안면읍 응지마을길 20-7,36.51758799,126.345242,우럭,100000,2023-03-30
어성,바다,충청남도 태안군 안면읍 대야로 323-7,36.4654124,126.414806,우럭,100000,2023-03-30
토도수산,바다,충청남도 태안군 안면읍 대야로 323-45,36.46592426,126.4154688,우럭,100000,2023-03-30
백호좌대,바다,충청남도 태안군 남면 천수만로 340-54,36.619584,126.3479666,우럭,100000,2023-03-30
태극호좌대,바다,충청남도 태안군 남면 한바위길 10-11,36.621567,126.348669,우럭,100000,2023-03-30
중앙호좌대,바다,충청남도 태안군 남면 한바위길 61,36.62279643,126.354434,우럭,100000,2023-03-30
힐링호좌대,바다,충청남도 태안군 남면 한바위길 54-16,36.62094968,126.3541975,우럭,100000,2023-03-30
신진좌대,바다,충청남도 태안군 남면 한바위길 36-7,36.62086745,126.353658,우럭,100000,2023-03-30
황금좌대,바다,충청남도 태안군 남면 천수만로 340-7,36.621423,126.3467617,우럭,100000,2023-03-30
해인호좌대,바다,충청남도 태안군 남면 한바위길 36-21,36.62031491,126.354128,우럭,100000,2023-03-30
수성호좌대,바다,충청남도 태안군 남면 한바위길 54-12,36.62135688,126.354174,우럭,100000,2023-03-30
대원호좌대,바다,충청남도 태안군 남면 한바위길 54-10,36.621556,126.3543847,우럭,100000,2023-03-30
남용호좌대,바다,충청남도 태안군 남면 당암리 1-12,36.619672,126.354366,우럭,100000,2023-03-30
서해대교바다낚시터,평지,충청남도 당진시 신평면 샛터길 117-121,36.9167,126.7833,우럭 등,"90,000원",2022-03-31
장고항덕진호좌대낚시터,바다,충청남도 당진시 석문면 장고항로 334-48,37.0333,126.5,우럭 등,"50,000원",2022-03-31
그린좌대낚시터,바다,충청남도 당진시 석문면 장고항로 334-48,37.0333,126.5,우럭 등,"50,000원",2022-03-31
병기호좌대낚시터,바다,충청남도 당진시 석문면 왜목길 73,37.0333,126.5333,우럭 등,"50,000원",2022-03-31
고래좌대낚시터,바다,충청남도 당진시 석문면 왜목길 73,37.0333,126.5333,우럭 등,"50,000원",2022-03-31
해맞이좌대낚시터,바다,충청남도 당진시 석문면 왜목길 73,37.0333,126.5333,우럭 등,"50,000원",2022-03-31
왜목마을좌대낚시터,바다,충청남도 당진시 석문면 왜목길 73,37.0333,126.5333,우럭 등,"50,000원",2022-03-31
무기수산좌대낚시터,바다,충청남도 당진시 석문면 난지3길 12,37.0167,126.45,우럭 등,"50,000원",2022-03-31
부흥3호좌대낚시터,바다,충청남도 당진시 석문면 난지3길 12,37.0,126.45,우럭 등,"60,000원",2022-03-31
미리내가두리낚시2호낚시터,바다,충청남도 당진시 석문면 난지3길 12,37.0,126.45,우럭 등,"60,000원",2022-03-31
미리내가두리낚시터,바다,충청남도 당진시 석문면 난지3길 12,37.0,126.45,우럭 등,"60,000원",2022-03-31
해성2호좌대낚시터,바다,충청남도 당진시 석문면 난지3길 12,37.0,126.45,우럭 등,"60,000원",2022-03-31
부흥호좌대2낚시터,바다,충청남도 당진시 석문면 난지3길 12,37.0,126.45,우럭 등,"60,000원",2022-03-31
아쿠아좌대낚시터,바다,충청남도 당진시 석문면 난지3길 12,37.0,126.45,우럭 등,"60,000원",2022-03-31
부흥호가두리낚시터,바다,충청남도 당진시 석문면 난지3길 12,37.0,126.45,우럭 등,"60,000원",2022-03-31
낚시타운좌대낚시터,바다,충청남도 당진시 석문면 난지3길 12,37.0,126.45,우럭 등,"60,000원",2022-03-31
훼미리호좌대낚시터,바다,충청남도 당진시 석문면 난지3길 12,37.0,126.45,우럭 등,"60,000원",2022-03-31
스카이좌대낚시터,바다,충청남도 당진시 석문면 난지3길 12,37.0,126.45,우럭 등,"60,000원",2022-03-31
돌고래좌대낚시터,바다,충청남도 당진시 석문면 난지3길 12,37.0,126.45,우럭 등,"60,000원",2022-03-31
와따좌대낚시터,바다,충청남도 당진시 석문면 난지3길 12,37.0,126.45,우럭 등,"60,000원",2022-03-31
광석낚시터,저수지,충청남도 계룡시 엄사면 광석향한2길 58,36.2714,127.2196,잉어+붕어,"10,000원",2023-03-09
도곡낚시터,기타,충청남도 계룡시 엄사면 배울길 129,36.2575,127.2092,잉어+붕어,"10,000원",2023-03-09
캠피그라운드,기타,충청남도 부여군 부여읍 삼충로272번길 12,,,"메기, 붕어","손맛터 15,000원 노지잡이터(토종터) 35,000원 카라반 이용요금 100,000원",2023-03-31
태극호좌대,바다,충청남도 태안군 남면 한바위길 10-1,36.62123687,126.350006,우럭,100000,2023-03-30
만길호좌대,바다,충청남도 태안군 남면 한바위길 36-9,36.62075219,126.3536715,우럭,100000,2023-03-30
성호좌대,바다,충청남도 태안군 남면 한바위길 10-17,36.655894,126.302754,우럭,100000,2023-03-30
성호1좌대,바다,충청남도 태안군 남면 한바위길 10-17,36.655894,126.302754,우럭,100000,2023-03-30
해성좌대,바다,충청남도 태안군 남면 한바위길 6-24,36.62142778,126.347343,우럭,100000,2023-03-30
갈음이 해상낚시공원,바다,충청남도 태안군 근흥면 갈음이길 105-1,36.69441068,126.159344,우럭,100000,2023-03-30
태안바다,바다,충청남도 태안군 태안읍 중앙로 187,36.749468,126.308131,우럭,100000,2023-03-30
수진좌대2,바다,충청남도 태안군 고남면 누동로 21-23,36.43325976,126.4046197,우럭,100000,2023-03-30
소망좌대,바다,충청남도 태안군 고남면 구매길 67,36.424694,126.4293151,우럭,100000,2023-03-30
킹콩좌대,바다,충청남도 태안군 고남면 빗독2길6,36.42351821,126.409325,우럭,100000,2023-03-30
남일수산좌대,바다,충청남도 태안군 안면읍 장터로 254-11,36.528999,126.348326,우럭,100000,2023-03-30
형제,바다,충청남도 태안군 고남면 젓개길 276-1,36.43592403,126.430585,우럭,100000,2023-03-30
인어좌대,바다,충청남도 태안군 고남면 구매길 41-1,36.42553196,126.426836,우럭,100000,2023-03-30
용성좌대,바다,충청남도 태안군 고남면 발화지길 254-8,36.44021872,126.4196768,우럭,100000,2023-03-30
수진좌대,바다,충청남도 태안군 고남면 누동로 21-23,36.43325976,126.4046197,우럭,100000,2023-03-30
순정좌대,바다,충청남도 태안군 고남면 구매길 41-36,36.42707357,126.430339,우럭,100000,2023-03-30
오뚜기,바다,충청남도 태안군 고남면 젓개길 276-1,36.43592403,126.430585,우럭,100000,2023-03-30
달빛좌대,바다,충청남도 태안군 안면읍 안면대로 2984-4,36.51129018,126.347753,우럭,100000,2023-03-30
오형제,바다,충청남도 태안군 고남면 젓개길 276-1,36.43592403,126.430585,우럭,100000,2023-03-30
매일좌대,바다,충청남도 태안군 고남면 빗독2길 2,36.423297,126.409575,우럭,100000,2023-03-30
그린바다,바다,충청남도 태안군 고남면 젓개길 274-3,36.435815,126.4307282,우럭,100000,2023-03-30
수평선좌대,바다,충청남도 태안군 고남면 옷점길 147-46,36.41310226,126.400991,우럭,100000,2023-03-30
호포유어,바다,충청남도 태안군 안면읍 여수해길 126-139,36.55435297,126.3724757,우럭,100000,2023-03-30
의항리해상공원,바다,충청남도 태안군 소원면 송의로 698,36.82964098,126.1616348,우럭,100000,2023-03-30
김선장낚시터,바다,충청남도 서산시 대산읍 화곡리 1845 지선,35.2672,129.0183,조피볼락+숭어,"50,000원",2023-12-15
대호낚시터,바다,충청남도 서산시 대산읍 화곡리 1845 지선,35.2672,129.0183,조피볼락+숭어,"50,000원",2023-12-15
우리낚시터,바다,충청남도 서산시 대산읍 화곡리 1891지선,35.2672,129.0183,조피볼락+숭어,"50,000원",2023-12-15
백련낚시터,바다,충청남도 서산시 대산읍 화곡리 1891지선,35.2672,129.0183,조피볼락+숭어,"50,000원",2023-12-15
항구낚시터,바다,충청남도 서산시 대산읍 화곡리 1891지선,35.2672,129.0183,조피볼락+숭어,"50,000원",2023-12-15
만석낚시터,바다,충청남도 서산시 대산읍 화곡리 1845 지선,35.2672,129.0183,조피볼락+숭어,"50,000원",2023-12-15
중앙호좌대,바다,충청남도 태안군 남면 한바위길 61,36.62279643,126.354434,우럭,100000,2023-06-30
태극호좌대,바다,충청남도 태안군 남면 한바위길 10-11,36.621567,126.348669,우럭,100000,2023-06-30
백호좌대,바다,충청남도 태안군 남면 천수만로 340-54,36.619584,126.3479666,우럭,100000,2023-06-30
토도수산,바다,충청남도 태안군 안면읍 대야로 323-45,36.46592426,126.4154688,우럭,100000,2023-06-30
어성,바다,충청남도 태안군 안면읍 대야로 323-7,36.4654124,126.414806,우럭,100000,2023-06-30
여정수산,바다,충청남도 태안군 안면읍 응지마을길 20-7,36.51758799,126.345242,우럭,100000,2023-06-30
천우수산,바다,충청남도 태안군 안면읍 대야로 304-41,36.46427427,126.4163916,우럭,100000,2023-06-30
대박,바다,충청남도 태안군 고남면 안면대로 4407-239,36.4182042,126.428521,우럭,100000,2023-06-30
미조리,바다,충청남도 태안군 고남면 월고지길 49-7,36.39971346,126.4263766,우럭,100000,2023-06-30
대일,바다,충청남도 태안군 고남면 고남리 125,36.407639,126.42209,우럭,100000,2023-06-30
안면도영목항,바다,충청남도 태안군 고남면 안면대로 4558,36.400055,126.426424,우럭,100000,2023-06-30
영목수산좌대,바다,충청남도 태안군 고남면 월고지길 53,36.399587,126.4265487,우럭,100000,2023-06-30
경남수산,바다,충청남도 태안군 고남면 탄개길 33,36.40810295,126.422973,우럭,100000,2023-06-30
강남호,바다,충청남도 태안군 고남면 안면대로 4439,36.408243,126.419369,우럭,100000,2023-06-30
호포유어,바다,충청남도 태안군 안면읍 여수해길 126-139,36.55435297,126.3724757,우럭,100000,2023-06-30
의항리해상공원,바다,충청남도 태안군 소원면 송의로 698,36.82964098,126.1616348,우럭,100000,2023-06-30
수평선좌대,바다,충청남도 태안군 고남면 옷점길 147-46,36.41310226,126.400991,우럭,100000,2023-06-30
그린바다,바다,충청남도 태안군 고남면 젓개길 274-3,36.435815,126.4307282,우럭,100000,2023-06-30
매일좌대,바다,충청남도 태안군 고남면 빗독2길 2,36.423297,126.409575,우럭,100000,2023-06-30
오형제,바다,충청남도 태안군 고남면 젓개길 276-1,36.43592403,126.430585,우럭,100000,2023-06-30
달빛좌대,바다,충청남도 태안군 안면읍 안면대로 2984-4,36.51129018,126.347753,우럭,100000,2023-06-30
오뚜기,바다,충청남도 태안군 고남면 젓개길 276-1,36.43592403,126.430585,우럭,100000,2023-06-30
순정좌대,바다,충청남도 태안군 고남면 구매길 41-36,36.42707357,126.430339,우럭,100000,2023-06-30
수진좌대,바다,충청남도 태안군 고남면 누동로 21-23,36.43325976,126.4046197,우럭,100000,2023-06-30
용성좌대,바다,충청남도 태안군 고남면 발화지길 254-8,36.44021872,126.4196768,우럭,100000,2023-06-30
인어좌대,바다,충청남도 태안군 고남면 구매길 41-1,36.42553196,126.426836,우럭,100000,2023-06-30
형제,바다,충청남도 태안군 고남면 젓개길 276-1,36.43592403,126.430585,우럭,100000,2023-06-30
남일수산좌대,바다,충청남도 태안군 안면읍 장터로 254-11,36.528999,126.348326,우럭,100000,2023-06-30
킹콩좌대,바다,충청남도 태안군 고남면 빗독2길6,36.42351821,126.409325,우럭,100000,2023-06-30
소망좌대,바다,충청남도 태안군 고남면 구매길 67,36.424694,126.4293151,우럭,100000,2023-06-30
수진좌대2,바다,충청남도 태안군 고남면 누동로 21-23,36.43325976,126.4046197,우럭,100000,2023-06-30
태안바다,바다,충청남도 태안군 태안읍 중앙로 187,36.749468,126.308131,우럭,100000,2023-06-30
갈음이 해상낚시공원,바다,충청남도 태안군 근흥면 갈음이길 105-1,36.69441068,126.159344,우럭,100000,2023-06-30
해성좌대,바다,충청남도 태안군 남면 한바위길 6-24,36.62142778,126.347343,우럭,100000,2023-06-30
성호1좌대,바다,충청남도 태안군 남면 한바위길 10-17,36.655894,126.302754,우럭,100000,2023-06-30
성호좌대,바다,충청남도 태안군 남면 한바위길 10-17,36.655894,126.302754,우럭,100000,2023-06-30
만길호좌대,바다,충청남도 태안군 남면 한바위길 36-9,36.62075219,126.3536715,우럭,100000,2023-06-30
태극호좌대,바다,충청남도 태안군 남면 한바위길 10-1,36.62123687,126.350006,우럭,100000,2023-06-30
남용호좌대,바다,충청남도 태안군 남면 당암리 1-12,36.619672,126.354366,우럭,100000,2023-06-30
대원호좌대,바다,충청남도 태안군 남면 한바위길 54-10,36.621556,126.3543847,우럭,100000,2023-06-30
수성호좌대,바다,충청남도 태안군 남면 한바위길 54-12,36.62135688,126.354174,우럭,100000,2023-06-30
해인호좌대,바다,충청남도 태안군 남면 한바위길 36-21,36.62031491,126.354128,우럭,100000,2023-06-30
황금좌대,바다,충청남도 태안군 남면 천수만로 340-7,36.621423,126.3467617,우럭,100000,2023-06-30
신진좌대,바다,충청남도 태안군 남면 한바위길 36-7,36.62086745,126.353658,우럭,100000,2023-06-30
힐링호좌대,바다,충청남도 태안군 남면 한바위길 54-16,36.62094968,126.3541975,우럭,100000,2023-06-30
송석낚시터,저수지,충청남도 예산군 대술면 송석리 92-1,36.687558,126.946816,붕어류,2만원,2024-11-27
예당저수지연안낚시터,저수지,충청남도 예산군 대흥면 예당로 874,36.607153,126.792943,붕어류,7~15만원,2024-11-27
평촌낚시터,저수지,충청남도 예산군 응봉면 등촌리 282,36.63184542,126.7905514,붕어류,7~15만원,2024-11-27
정자낚시터,저수지,충청남도 예산군 응봉면 등촌리 262,36.63268909,126.7930355,붕어류,7~15만원,2024-11-27
피쉬뱅크낚시터,저수지,충청남도 예산군 대흥면 상중리 2,36.60555592,126.7943737,붕어류,7~15만원,2024-11-27
도덕골낚시터,저수지,충청남도 예산군 신양면 황계리 336,36.60866593,126.819471,붕어류,7~15만원,2024-11-27
붕어나라낚시터,저수지,충청남도 예산군 광시면 동산리 80,36.5831239,126.7987331,붕어류,7~15만원,2024-11-27
진수낚시터,저수지,충청남도 예산군 응봉면 신리 115,36.62868016,126.7908186,붕어류,7~15만원,2024-11-27
낚시여행낚시터,저수지,충청남도 예산군 대흥면 송지리 73,36.60072861,126.8105442,붕어류,7~15만원,2024-11-27
예당임존성낚시터,저수지,충청남도 예산군 대흥면 상중리 26,36.60036973,126.7954872,붕어류,7~15만원,2024-11-27
포인트낚시터,저수지,충청남도 예산군 대흥면 송지리 44,36.60207904,126.8138868,붕어류,7~15만원,2024-11-27
연안낚시터,저수지,충청남도 예산군 대흥면 예당로 874,36.607153,126.79294,붕어류,"7,000",2024-11-27
교촌낚시터,저수지,충청남도 예산군 대흥면 교촌리 301,36.6191964,126.7875532,붕어류,7~15만원,2024-11-27
만수낚시터,저수지,충청남도 예산군 대흥면 교촌리 317,36.61706969,126.7897365,붕어류,7~15만원,2024-11-27
송석낚시터,저수지,충청남도 예산군 대술면 송석리 92-1,36.687558,126.946816,붕어류,9~13만원,2024-11-27
방산낚시터,저수지,충청남도 예산군 대술면 방산리 143-2,36.659665,126.936771,붕어류,9~13만원,2024-11-27
낚시회관낚시터,저수지,충청남도 예산군 대흥면 동서리 245,36.61192542,126.7927551,붕어류,7~15만원,2024-11-27
한믈낚시터,저수지,충청남도 예산군 응봉면 후사리 33,36.63964651,126.8014953,붕어류,7~15만원,2024-11-27
장전낚시터,저수지,충청남도 예산군 광시면 장전리 30-1,36.59695107,126.8087508,붕어류,7~15만원,2024-11-27
인천낚시터,저수지,충청남도 예산군 대흥면 대야리 86,36.61540692,126.8071422,붕어류,7~15만원,2024-11-27
애플낚시터,저수지,충청남도 예산군 광시면 동산리 91-2,36.58429101,126.7964814,붕어류,7~15만원,2024-11-27
2박3일낚시터,저수지,충청남도 예산군 대흥면 하탄방리 154-1,36.61082287,126.8214934,붕어류,7~15만원,2024-11-27
장전정자나무낚시터,저수지,충청남도 예산군 광시면 장전리 73,36.59608361,126.8062826,붕어류,7~15만원,2024-11-27
예당낚시터,저수지,충청남도 예산군 대흥면 상중리 8,36.60527446,126.7952119,붕어류,7~15만원,2024-11-27
무지개낚시터,저수지,충청남도 예산군 대흥면 노동리 440-1,36.62860222,126.8128752,붕어류,7~15만원,2024-11-27
새물낚시터,저수지,충청남도 예산군 신양면 무봉리 295,36.617006,126.824655,붕어류,7~15만원,2024-11-27
월척낚시터,저수지,충청남도 예산군 응봉면 신리 46,36.62571063,126.7905212,붕어류,7~15만원,2024-11-27
오리장낚시터,저수지,충청남도 예산군 광시면 장전리 613,36.5943022,126.7973352,붕어류,7~15만원,2024-11-27
검은솔밭낚시터,저수지,충청남도 예산군 대흥면 신속리 114,36.62194157,126.8066827,붕어류,7~15만원,2024-11-27
숲속낚시터,저수지,충청남도 예산군 광시면 동산리 185,36.5914558,126.794661,붕어류,7~15만원,2024-11-27
신봉 낚시터,저수지,충청남도 아산시 영인면 윤보선로211,36.8943151,127.0039684,"붕어,잉어,향어 등",20000,2024-01-15
수정낚시터,평지,충청남도 금산군 군북면 군북로 1057,36.1973735,127.5203,붕어,"1일 20,000원",2024-07-24
배내미낚시터,평지,충청남도 금산군 복수면 배내미로 107,36.15089,127.40153,붕어+향어,"1일 20,000원",2024-07-24
추정실내낚시터,평지,충청남도 금산군 추부면 추동2길 91,36.1712002,127.4647171,붕어+향어,"1일 20,000원",2024-07-24
용봉낚시터,저수지,충청남도 예산군 덕산면 둔리 504-9,36.665087,126.646624,붕어류,9~13만원,2024-11-27
하와이낚시터,저수지,충청남도 예산군 대흥면 신속리 273,36.6264144,126.8078678,붕어류,7~15만원,2024-11-27
대양낚시터,저수지,충청남도 예산군 대흥면 동서리 182,36.609295,126.791431,붕어류,7~15만원,2024-11-27
그린낚시터,저수지,충청남도 예산군 대흥면 상중리 2,36.60555592,126.7943737,붕어류,7~15만원,2024-11-27
죽도해상낚시터(폐업),바다,충청남도 홍성군 서부면 남당항로,36.519993,126.435763,우럭,"40,000",2024-07-01
죽림낚시터,평지,,36.094204,127.11998,붕어+잉어,"1일 35,000원",2023-12-31
벌곡낚시터,평지,충청남도 논산시 벌곡면 대둔로575번길 25-7,36.189536,127.25038,붕어+잉어,"1일 15,000원(평일),1일 20,000원(휴일)",2023-12-31
갈천유료낚시터,저수지,경상남도 고성군 대가면 갈천로 310,,,"잉어, 향어, 붕어","30,000원",2024-01-01
니모실내낚시카페,기타,"경남 창녕군 창녕읍 종로15, B01호(낙원빌라)",35.53866,128.4977488,잉어+붕어+향어,"10,000원",2021-10-06
달창유로낚시터,기타,"경남 창녕군 성산면 방리 1067-14, 1067-44",35.6091748,128.5156706,잉어+붕어,"25,000원",2021-10-06
지정낚시터,평지,경상남도 의령군 지정면 함의로 1360-17,35.37455951,128.402504,붕어+잉어,1일 30000원,2022-11-25
필봉정낚시터,평지,,35.2613093237,128.9836764184,잉어+붕어+향어,"30,000원",2024-08-08
화현낚시터,평지,,35.3355934311,128.9393673144,잉어+붕어,"잡이터 입어료 30,000원 손맛터 입어료 15,000원",2024-08-08
다낚아 낚시터,기타,경상남도 김해시 함박로 119번길 17,35.2336358319,128.8672616006,잉어+붕어,"11,000원",2024-08-08
대도유료낚시터,기타,"경상남도 하동군 금남면 대도길 117, 대도복지회관",34.932254,127.832022,해면어류,"좌대 15,000원 방갈로 25,000원",2024-08-14
송문유료낚시터,기타,경상남도 하동군 금남면 미법마을길 40-5,34.951171,127.855957,해면어류,"방갈로 30,000원",2024-08-14
황금빛노을바다 낚시터,바다,경상남도 사천시 사천대로 35,34.93373613,128.0490197,문어+볼락+잡어,(성수기 주간) 180000원+(성수기 야간) 200000원,2024-01-26
황금빛노을바다 낚시터 2호,바다,경상남도 사천시 해안관광로,34.95223985,128.0336695,문어+볼락+잡어,(성수기 주간) 180000원+(성수기 야간) 200000원,2024-01-26
산분령 유료 낚시터,바다,경상남도 사천시 해안관광로,34.95208657,128.0337571,감성동+볼락+도다리+노래미+잡어,(주간) 20000원+(야간) 25000원,2024-01-26
대포황토펜션 낚시터,바다,경상남도 사천시 대례길,34.99028857,128.0413317,문어+볼락+잡어,(비수기 평일 7평형) 180000원+(비수기 평일 9평형) 250000원,2024-01-26
저도 유료낚시터,바다,경상남도 사천시 저도길,34.94374921,128.0289693,문어+볼락+잡어,1인 15000원,2024-01-26
사항어촌계 낚시터,바다,경상남도 남해군 미조면 미조로 212,34.70905674,128.0482496,감성돔+볼락+문어+도다리,"1인 25,000원",2024-09-02
사항제2낚시터,바다,경상남도 남해군 미조면 미조로 212,34.708829,128.058231,감성돔+볼락+문어+도다리,"1인 25,000원",2024-09-02
설리 낚시터,바다,경상남도 남해군 미조면 미송로303번안길 8-13,34.706407,128.024712,감성돔+볼락+문어+도다리,"3인 120,000원",2024-09-02
설리바다낚시터,바다,경상남도 남해군 미조면 미송로303번안길 8-13,34.704381,128.027913,참돔+볼락,"1인 20,000원",2024-09-02
원전어촌계 (태진)낚시터,바다,경상남도 창원시 마산합포구 구산면 이순신로 644,35.04,128.38,"도다리, 돔류, 볼락류,  장어류, 기타 해면어류 등","주간기준 25,000원/인당",2025-05-12
원전어촌계 (태양)낚시터,바다,경상남도 창원시 마산합포구 구산면 이순신로 644,35.04,128.38,"도다리, 돔류, 볼락류,  장어류, 기타 해면어류 등","주간기준 25,000원/인당",2025-05-12
원전어촌계 (천수)낚시터,바다,경상남도 창원시 마산합포구 구산면 이순신로 644,35.04,128.38,"도다리, 돔류, 볼락류,  장어류, 기타 해면어류 등","주간기준 25,000원/인당",2025-05-12
원전어촌계 (조선)낚시터,바다,경상남도 창원시 마산합포구 구산면 이순신로 644,35.04,128.38,"도다리, 돔류, 볼락류,  장어류, 기타 해면어류 등","주간기준 25,000원/인당",2025-05-12
원전어촌계 (재영)낚시터,바다,경상남도 창원시 마산합포구 구산면 이순신로 644,35.04,128.38,"도다리, 돔류, 볼락류,  장어류, 기타 해면어류 등","주간기준 25,000원/인당",2025-05-12
원전어촌계 (용마)낚시터,바다,경상남도 창원시 마산합포구 구산면 이순신로 644,35.04,128.38,"도다리, 돔류, 볼락류,  장어류, 기타 해면어류 등","주간기준 25,000원/인당",2025-05-12
원전어촌계 (쌍둥이2)낚시터,바다,경상남도 창원시 마산합포구 구산면 이순신로 644,35.04,128.38,"도다리, 돔류, 볼락류,  장어류, 기타 해면어류 등","주간기준 25,000원/인당",2025-05-12
원전어촌계 (쌍둥이1)낚시터,바다,경상남도 창원시 마산합포구 구산면 이순신로 644,35.03,128.38,"도다리, 돔류, 볼락류,  장어류, 기타 해면어류 등","주간기준 25,000원/인당",2025-05-12
원전어촌계 (순찬)낚시터,바다,경상남도 창원시 마산합포구 구산면 이순신로 644,35.04,128.38,"도다리, 돔류, 볼락류,  장어류, 기타 해면어류 등","주간기준 25,000원/인당",2025-05-12
원전어촌계 (성용)낚시터,바다,경상남도 창원시 마산합포구 구산면 이순신로 644,35.04,128.38,"도다리, 돔류, 볼락류,  장어류, 기타 해면어류 등","주간기준 25,000원/인당",2025-05-12
원전어촌계 (선창)낚시터,바다,경상남도 창원시 마산합포구 구산면 이순신로 644,35.04,128.38,"도다리, 돔류, 볼락류,  장어류, 기타 해면어류 등","주간기준 25,000원/인당",2025-05-12
원전어촌계 (삼정)낚시터,바다,경상남도 창원시 마산합포구 구산면 이순신로 644,35.04,128.38,"도다리, 돔류, 볼락류,  장어류, 기타 해면어류 등","주간기준 25,000원/인당",2025-05-12
원전어촌계 (삼성)낚시터,바다,경상남도 창원시 마산합포구 구산면 이순신로 644,35.03,128.38,"도다리, 돔류, 볼락류,  장어류, 기타 해면어류 등","주간기준 25,000원/인당",2025-05-12
원전어촌계 (뱃머리)낚시터,바다,경상남도 창원시 마산합포구 구산면 이순신로 644,35.04,128.38,"도다리, 돔류, 볼락류,  장어류, 기타 해면어류 등","주간기준 25,000원/인당",2025-05-12
원전어촌계 (바다)낚시터,바다,경상남도 창원시 마산합포구 구산면 이순신로 644,35.04,128.38,"도다리, 돔류, 볼락류,  장어류, 기타 해면어류 등","주간기준 30,000원/인당",2025-05-12
원전어촌계 (대봉)낚시터,바다,경상남도 창원시 마산합포구 구산면 이순신로 644,35.04,128.38,"도다리, 돔류, 볼락류,  장어류, 기타 해면어류 등","주간기준 25,000원/인당",2025-05-12
원전어촌계 (강민)낚시터,바다,경상남도 창원시 마산합포구 구산면 이순신로 644,35.04,128.38,"도다리, 돔류, 볼락류,  장어류, 기타 해면어류 등","주간기준 25,000원/인당",2025-05-12
원전어촌계 (가고파)낚시터,바다,경상남도 창원시 마산합포구 구산면 이순신로 644,35.04,128.38,"도다리, 돔류, 볼락류,  장어류, 기타 해면어류 등","주간기준 25,000원/인당",2025-05-12
실리도 어촌계 (한마음2)낚시터,바다,경상남도 창원시 마산합포구 구산면 실리섬길 3,35.03,128.38,"도다리, 돔류, 볼락류,  장어류, 기타 해면어류 등","주간기준 25,000원/인당",2025-05-12
실리도 어촌계 (한마음1)낚시터,바다,경상남도 창원시 마산합포구 구산면 실리섬길 3,35.03,128.38,"도다리, 돔류, 볼락류,  장어류, 기타 해면어류 등","주간기준 25,000원/인당",2025-05-12
실리도 어촌계 (선창2)낚시터,바다,경상남도 창원시 마산합포구 구산면 이순신로 644,35.03,128.38,"도다리, 돔류, 볼락류,  장어류, 기타 해면어류 등","주간기준 25,000원/인당",2025-05-12
실리도 어촌계 (백마)낚시터,바다,경상남도 창원시 마산합포구 구산면 이순신로 644,35.04,128.38,"도다리, 돔류, 볼락류,  장어류, 기타 해면어류 등","주간기준 25,000원/인당",2025-05-12
실리도 어촌계 (반야2)낚시터,바다,경상남도 창원시 마산합포구 구산면 실리섬길 3,35.03,128.38,"도다리, 돔류, 볼락류,  장어류, 기타 해면어류 등","주간기준 25,000원/인당",2025-05-12
실리도 어촌계 (반야1)낚시터,바다,경상남도 창원시 마산합포구 구산면 실리섬길 3,35.03,128.38,"도다리, 돔류, 볼락류,  장어류, 기타 해면어류 등","주간기준 25,000원/인당",2025-05-12
실리도 어촌계 (금양)낚시터,바다,경상남도 창원시 마산합포구 구산면 이순신로 644,35.03,128.38,"도다리, 돔류, 볼락류,  장어류, 기타 해면어류 등","주간기준 25,000원/인당",2025-05-12
시락어촌계낚시터(3동),바다,경상남도 창원시 마산합포구 진전면 회진로 1123-25,35.04,128.26,"도다리,돔류,기타 해면어류 등","주간기준 150,000원/동당",2025-05-12
도동 낚시터,바다,경상남도 통영시 욕지면 욕지일주로 896-104,34.679583,128.253251,해수어류,"1일 20,000원",2025-06-23
중화어촌계낚시터,바다,경상남도 통영시 산양읍 연화리 산228,34.780811,128.379185,해수어류,"1일 20,000원",2025-06-23
노대조은낚시터,바다,경상남도 통영시 욕지면 노대리 산15-24,34.669446,128.251937,해수어류,1일 20000원,2025-06-23
동머리낚시터,바다,경상남도 통영시 욕지면 연화리 산2-46,34.642236,128.370198,해수어류,1일 20000원,2025-06-23
장촌낚시터,바다,경상남도 통영시 산양읍 풍화리 343-1,34.817821,128.37093,해수어류,1일 20000원,2025-06-23
동두좌대낚시터,바다,경상남도 통영시 욕지면 연화리 산2-45,34.642713,128.369739,해수어류,1일 20000원,2025-06-23
탄항좌대낚시터,바다,경상남도 통영시 욕지면 노대리 산14-6,34.679583,128.253251,해수어류,1일 20000원,2025-06-23
옥동산내어촌계 유료낚시터,바다,경상남도 통영시 욕지면 동항리 183-4,34.63404947,128.2808186,해수어류,1일 15000원,2025-06-23
중화어촌계낚시터,바다,경상남도 통영시 산양읍 연화리 산228,34.77924079,128.3789691,해수어류,1일 20000원,2025-06-23
제2유동낚시터,바다,경상남도 통영시 욕지면 서산리 산33,34.61695055,128.2325726,해수어류,1일 20000원,2025-06-23
통영등대낚시공원,바다,경상남도 통영시 산양읍 영운리 72-12,34.81074538,128.441055,해수어류,1일 20000원,2025-06-23
한마음낚시터,바다,경상남도 통영시 욕지면 노대리 44-1,34.66611518,128.2483465,해수어류,1일 20000원,2025-06-23
유동낚시터,바다,경상남도 통영시 욕지면 서산리 117-1 마을회관,34.80872192,128.2405895,해수어류,1일 20000원,2025-06-23
동영낚시터,바다,경상남도 통영시 욕지면 연화리 산 145-1,34.64936942,128.3490952,해수어류,1일 20000원,2025-06-23
용머리낚시터,바다,경상남도 통영시 욕지면 연화리 산 13,34.65714676,128.3469023,해수어류,1일 20000원,2025-06-23
선창어촌계낚시터,바다,경상남도 거제시 일운면 지세포해안로 242,,,"참돔, 우럭, 도다리 등","12,000원",2024-01-08
산천낚시터,기타,경상남도 양산시 하북면 백록로 123,35.459104,129.085365,"붕어, 잉어",10000원/1일,2024-07-29
용연낚시터,기타,경상남도 양산시 하북면 삼리길 62-10,35.444533,129.079991,"붕어, 잉어",10000원/1일,2024-07-29
화제낚시터,기타,경상남도 양산시 원동로 715-33,35.341618,128.969791,"붕어, 잉어",10000원/1일,2024-07-29
원실내바다낚시터,기타,경상남도 양산시 용주로 65,35.430959,129.178288,"우럭, 돔","35,000원/2시간",2024-07-29
유호어촌계낚시터,바다,경상남도 거제시 장목면 유호1길 73,35.03,128.71,"참돔, 우럭, 도다리 등","150,000원",2024-01-08
덕포어촌계낚시터,바다,,34.91,128.71,"참돔, 우럭, 도다리 등","200,000원",2024-01-08
시방어촌계낚시터,바다,,34.96,128.71,"참돔, 우럭, 도다리 등","150,000원",2024-01-08
장승포어촌계낚시터,바다,,34.86,128.73,"참돔, 우럭, 도다리 등","30,000원",2024-01-08
도장포어촌체험마을낚시터,바다,,34.74,128.66,"참돔, 우럭, 도다리 등","20,000원",2024-01-08
청곡어촌계낚시터,바다,,34.89,128.48,"참돔, 우럭, 도다리 등","150,000원",2024-01-08
능포어촌게낚시터,바다,경상남도 거제시 능포로16길 55,34.88,128.74,"참돔, 우럭, 도다리 등","5,000원",2024-01-08
땅끝낚시터,바다,"전라남도 해남군 송지면 갈산길 93, 땅끝낚시터",34.30556,126.516116,돔류,,2024-08-09
해남바다낚시터,바다,"전라남도 해남군 화원면 영호길 42-18, 구성리 지선",,,갈치,,2024-08-09
거금해양낚시공원,바다,전라남도 고흥군 금산면 신촌내동길 18-132,34.46942797,127.104524,"감성돔, 노래미","성인20,000원,청소년10,000원",2021-10-20
홍길동낚시터,평지,전라남도 장성군 삼서면 영장로 2103,35.2346229,126.701275,붕어,10000,2024-07-31
황룡강낚시터,평지,전라남도 장성군 장성읍 강변안길 18,35.297111,126.775019,붕어,10000,2024-07-31
청풍낚시터,평지,전라남도 화순군 청풍면 차풍로 370,34.90460529,126.9802482,잉어+붕어+메기,20000,2024-08-13
앵남낚시터,평지,전라남도 화순군 화순읍 앵무동1길 132,35.05032669,126.924278,잉어+향어+메기,15000,2024-08-13
소경어촌계낚시터,바다,전라남도 여수시 소경도1길 15-1,34.70848891,127.707826,감성돔+농어+우럭+노래미,"5인200,000원",2023-04-06
돌산해양낚시공원낚시터,바다,전라남도 여수시 돌산읍 우두1길 12-13,34.727104,127.73669,볼락+감성돔+농어+노래미,"4인150,000원",2023-04-06
여수가족생활낚시터,바다,전라남도 여수시 신월1길 42 1층 신월슈퍼,34.4258515,127.4255849,도다리+감성돔+농어+노래미,"1인 30,000원 낚시대 대여(1개) 10,000원",2023-04-06
현대낚시터,바다,"전라남도 해남군 화원면 영호길 42-7, 민물과 바다",,,돔류,,2024-08-09
대광낚시터,바다,"전라남도 해남군 화원면 영호길 42-17, 대광낚시",,,돔류,,2024-08-09
목포바지선포인트선상,바다,"전라남도 해남군 화원면 영호길 42-7, 민물과 바다",,,돔류,,2024-08-09
해남별암낚시터,바다,"전라남도 해남군 화원면 영호길 42-7, 민물과 바다",,,돔류,,2024-08-09
현대바다낚시터,바다,"전라남도 해남군 화원면 영호길 42-7, 민물과 바다",,,돔류,,2024-08-09
해남화원낚시터,바다,"전라남도 해남군 화원면 영호길 42-7, 민물과 바다",,,돔류,,2024-08-09
대광낚시터 2호,바다,"전라남도 해남군 화원면 영호길 42-7, 민물과 바다",,,돔류,,2024-08-09
활주로낚시터,기타,"전라남도 나주시 산포면 등정덕례길 54, 활주로낚시터랜드",35.0467,126.8193,"붕어, 잉어","2시간 10,000원 (추가시 1시간 5,000원)",2024-07-19
콜낚시,바다,전라남도 신안군 압해읍 장감길 220,34.49603,126.193624,"돔, 장어 등","(평일)30,000원",2024-07-17
나룻가낚시터,바다,"전라남도 신안군 압해읍 복룡로 688-4, 나룻가횟집",34.5422629,126.2031165,"돔, 농어, 우럭 등","(평일)30,000원",2024-07-17
신안낚시터,바다,"전라남도 신안군 압해읍 복룡로 688-6, 복룡횟집",34.90533275,126.3383433,"돔, 장어 등","(평일)30,000원",2024-07-17
해성낚시터,바다,전라남도 신안군 압해읍 천사로 15,34.483486,126.20913,"돔, 장어 등","(평일)30,000원",2024-07-17
복용낚시터,바다,전라남도 신안군 압해읍 복룡로 688-8,34.5441767,126.1947507,"돔, 장어 등","(평일)30,000원",2024-07-17
가우도 복합낚시공원,바다,전라남도 강진군 도암면 가우도길 2-13,34.56687,126.72371,"강성돔, 농어, 붕장어 등","성인10,000원+청소년5,000원",2023-07-20
서중어촌체험마을,바다,전라남도 강진군 마량면 까막섬로 75-7,34.47072,126.82785,"장어, 돔 등","1박2일 숙박 기준 : (8명)250,000원+(6명)180,000원+(4명)150,000원+(2명)100,000원",2023-07-20
홀통낚시터,바다,전라남도 무안군 현경면 홀통길 198-1,35.0616396163,126.3321694341,감성돔,"(인당)40,000원",2024-07-29
늘푸른해상낚시펜션,바다,전라남도 무안군 운남면 운해로 1,34.9153538678,126.3384728811,감성돔,"(인당)40,000원",2024-07-29
늘푸른낚시,바다,전라남도 무안군 운남면 운해로 1,34.9153538678,126.3384728811,감성돔,"(인당)25,000원",2024-07-29
여울섬낚시체험장,바다,전라남도 무안군 망운면 탄도리 지선,34.9953463,126.335624,감성돔,"(인당)10,000원",2024-07-29
정남진 해양낚시공원,바다,전라남도 장흥군 회진면 해양낚시길 135,34.4706335,126.9740566,감성돔+광어,"성인 20,000원, 청소년 10,000원",2024-07-31
가란콜낚시,바다,전라남도 신안군 압해읍 장감길 220,34.52284,126.224746,"돔, 장어 등","(평일)30,000원",2024-07-17
해남바다낚시터2호,바다,"전라남도 해남군 화원면 영호길 42-17, 대광낚시",,,갈치,,2024-08-02
해남화원낚시터2,바다,전라남도 해남군 화원면 영호길 78,,,갈치,,2024-08-02
동화낚시터,기타,대구광역시 북구 동변로 24길 106(동변동),35.92974,128.603563,잉어+향어,"10,000원",2024-01-05
무태낚시터,기타,,35.935017,128.608374,잉어+향어,"10,000원",2024-01-05
낭만물고기실내바다낚시터,기타,대구광역시 북구 칠곡중앙대로 447(관음동),35.5609,128.3255,참돔+우럭,"25,000원",2024-01-05
눈큰실내낚시터,기타,대구광역시 북구 태전로 57 (태전동),35.9254,128.54324,붕어 등,"10,000원",2024-01-05
비들지낚시터,저수지,대구광역시 군위군 군위읍 구지길 95,36.2031,128.5722,"붕어, 잉어","25,000원",2024-01-01
대평낚시터,저수지,대구광역시 달성군 하빈면 하빈로 832,35.93002896,128.4692446,붕어+잉어,15000,2023-07-10
도채낚시터,저수지,대구광역시 달성군 하빈면 묘동3길 122-60,35.91802965,128.4215712,붕어+잉어,15000,2023-07-10
가곡낚시터,저수지,,35.92279194,128.4667287,붕어+잉어,15000,2023-07-10
옥포낚시터,기타,,35.747717,128.4924402,붕어+잉어,15000,2023-07-10
문양낚시터,저수지,대구광역시 달성군 다사읍 장귀미길 123,35.74332817,128.4354565,붕어+잉어,15000,2023-07-10
약산낚시터,저수지,대구광역시 달성군 논공읍 약산덧재길 159,35.74332817,128.4354565,붕어+잉어,15000,2023-07-10
송정유료낚시터,바다,울산광역시 서생면 해맞이로 1331,35.3669,129.35324,"우럭, 노래미, 농어 등","가두리낚시 : 66,000원 생활 낚시 : 33,000원 체험낚시 : 10,000원 *초등학생 50%할인",2022-11-17
원실내낚시터,기타,울산광역시 울주군 온산읍 신온8길 20-6,35.4292604,129.3109347,잉어+붕어,"25,000원(1시간), 30,000(2시간), 35,000원(3시간), 60,000원(6시간)",2022-11-17
당사해양낚시공원,바다,울산광역시 북구 용바위1길 58 (당사동),35.581079,129.455723,"볼락, 우럭, 쏨뱅이, 전갱이 등","1. 낚   시 : (성인)10,000원, (청소년) 5,000원 2. 입장료 : (성인) 1,000원, (청소년) 500원",2025-06-23
해적바다실내낚시터,기타,"울산광역시 동구 화잠로 105, 지하 1층 (방어동)",35.47849091,129.413984,"참돔, 점성어","1시간 25,000원 2시간 35,000원 3시간 40,000원 6시간 65,000원",2024-07-30
도깨비낚시터,저수지,,37.44348486,128.0719036,"붕어,잉어,향어",30000,2021-10-07
새말낚시터,저수지,,37.467563,128.0436703,"붕어,잉어,향어",10000,2021-10-07
대영낚시터,저수지,,37.585641,127.9945217,"붕어,잉어,향어",30000,2021-10-07
현천낚시터,저수지,,37.48341109,128.175495,"붕어,잉어,향어",30000,2021-10-07
굴운낚시터,평지,,37.7232912138,127.9663790041,붕어+잉어,30000원,2023-04-18
구만리낚시터,평지,,37.7117234513,127.7018264539,붕어+잉어,25000원,2023-04-18
모곡낚시터,평지,,37.6956781115,127.5743335319,붕어+잉어,15000원,2023-04-18
시동유정낚시터,평지,,37.5920449067,127.824573738,붕어+잉어,10000원,2023-04-18
백달낚시터,저수지,,37.439543,128.064043,"붕어,잉어,향어",20000,2021-10-07
산내들낚시터,기타,강원특별자치도 철원군 김화읍 연동길33,38.2358501,127.3635403,"붕어, 향어, 메기, 장어",50000원/일,2023-07-12
소금강가족낚시터,평지,강원특별자치도 강릉시 연곡면 신왕길 388-64,37.83101752,128.7704452,"붕어, 잉어, 향어, 메기","손맛터-20,000원 메기 잡이터-35,000원 장비대여-10,000원 지렁이-5,000원 떡밥1덩이-2,000원",2022-06-07
샘골낚시터,기타,강원특별자치도 춘천시 서면  방동샘골길 35,37.9109353379,127.6682808536,향어+메기,"30,000원",2024-11-30
하늘낚시공원낚시터,기타,강원특별자치도 춘천시 서면 당숲안길 61,37.8363222975,127.6066043081,붕어,"평일 160,000원 금요일 180,000원 토요일 200,000원  (성인 2인)",2024-11-30
은행나무하우스낚시터,기타,강원특별자치도 춘천시 신동면 경춘로 1773,37.8228853588,127.6968574887,붕어+향어+잉어,"하절기 : 15,000원 동절기 : 20,000원",2024-11-30
춘천실내낚시터,기타,강원특별자치도 춘천시 공지로 210,37.8626041785,127.7402414926,향어+잉어,"10,000원",2024-11-30
소양계곡낚시터,기타,강원특별자치도 춘천시 서면 율장길 266,37.8608315164,127.5830549645,향어,"30,000원",2024-11-30
말고개낚시터,기타,강원특별자치도 춘천시 사북면 말고개길 307,38.0134708495,127.6263902594,향어,"30,000원",2024-11-30
팔미리낚시터,기타,강원특별자치도 춘천시 신동면 경춘로 1817,37.8210165363,127.7008514045,잉어+향어+붕어,"25,000원",2024-11-30
은파정낚시터,기타,강원특별자치도 춘천시 동산면 영서로 287-17,37.7558263058,127.8117096475,향어,"40,000원",2024-11-30
고산낚시터,저수지,강원특별자치도 원주시 호저면 호저로 1140,37.466789,127.918048,붕어+향어+잉어,"30,000원",2024-07-08
서곡낚시터,저수지,강원특별자치도 원주시 판부면 백운정길 46,37.298324,127.932703,붕어+향어+잉어,"15,000원",2024-07-08
추곡터널낚시터,기타,강원특별자치도 춘천시 북산면 춘양로 1452,38.0337618623,127.876356773,향어+메기+잉어,"40,000원",2024-11-30
강촌체험장낚시터,기타,강원특별자치도 춘천시 남면 박암관천길 511-55,37.7212312787,127.5391075122,붕어,"30,000원",2024-11-30
거두리낚시터,기타,강원특별자치도 춘천시 동내면 거두길 282-8,37.8604434283,127.7888513667,붕어+향어+잉어,"노지 : 40,000원 / 하우스 : 10,000원",2024-11-30
유포리낚시터,기타,강원특별자치도 춘천시 신북읍 맥국3길 15-28,37.9467657079,127.7748379271,향어+메기,"40,000원",2024-11-30
송어축제,기타,"강원특별자치도 원주시 판부면 매봉길 31, 1층",37.3212032,127.94403309,송어,"10,000",2024-07-08
이무기낚시터,저수지,강원특별자치도 원주시 소초면 신양선녀길 99,37.413059,127.972658,붕어,"20,000원",2024-07-08
단강낚시터,저수지,강원특별자치도 원주시 부론면 섬뜰작실길 26-59,37.156403,127.790081,향어+메기+뱀장어,"50,000원",2024-07-08
취병낚시터,저수지,,37.325026,127.785414,붕어+향어+잉어,"20,000원",2024-07-08
샘골낚시터,저수지,강원특별자치도 원주시 호저면 광학로 177,37.462663,127.939202,"붕어, 잉어, 장어, 메기","30,000원",2024-07-08
신선낚시터,저수지,강원특별자치도 원주시 한가터길 100,37.328381,128.001653,향어+잉어,"15,000원",2024-07-08
도곡낚시터,저수지,강원특별자치도 원주시 소초면 장수1로 191,37.396068,127.976141,붕어+향어+잉어,"30,000원",2024-07-08
호저낚시터,저수지,강원특별자치도 원주시 호저면 평천1길 21,37.42208,127.921589,붕어+향어+잉어,"10,000원",2024-07-08
물고기마을,평지,,37.332017,127.894424,"향어, 메기, 장어","40,000원",2024-07-08
탑전낚시터,저수지,,37.332365,127.828872,붕어+잉어,"15,000원",2024-07-08
승안낚시터,평지,강원특별자치도 원주시 흥업면 돼니길 32-39,37.314986,127.875357,붕어+향어+잉어,"30,000원",2024-07-08
돌모루낚시터,평지,,37.381465,127.975253,붕어+향어+잉어,"10,000원",2024-07-08
금천가든낚시터,평지,"강원특별자치도 태백시 금천길 159, 금천가든낚시터 (금천동)",37.094038,128.994978,"붕어류, 이스라엘잉어, 잉어류","20,000",2019-06-17
혈리낚시터,평지,"강원특별자치도 태백시 사내골길 117, 혈리낚시터 (혈동)",37.129695,128.925167,"붕어류, 이스라엘잉어, 잉어류","20,000",2019-06-17
천동낚시,저수지,강원특별자치도 평창군 평창읍 천동길 163,37.334102,128.380508,붕어+향어+잉어,"30,000",2022-09-19
평창낚시,저수지,강원특별자치도 평창군 평창읍 등강길 44-1,37.34894,128.379776,붕어+향어+잉어,"30,000",2022-09-19
행운낚시터,저수지,강원특별자치도 영월군 주천면 중선로 156,37.3073997,128.3236937,붕어잉어,30000,2024-12-09
연당낚시터,저수지,강원특별자치도 영월군 남면 영월로 468-38,37.177759,128.3780547,"붕어, 잉어",25000,2024-12-09
복지낚시터,저수지,강원특별자치도 영월군 남면 갈골길 103,37.2157028,128.4073103,"붕어, 잉어",15000,2024-12-09
단봉낚시터,저수지,강원특별자치도 동해시 봉정2길 95-9,37.46989535,129.1218004,붕어,1일 10000원,2025-06-24
용곡낚시터,저수지,충청북도 청주시 상당구 미원면 미원초정로 685-26,36.683613,127.636857,붕어+잉어+향어,20000원,2020-07-20
황청낚시터,저수지,충청북도 청주시 상당구 남일면 황청리길 119,36.594752,127.555039,붕어+잉어+향어,25000원,2020-07-20
한계리낚시터,저수지,충청북도 청주시 상당구 가덕면 한계1길 170,36.606594,127.562466,붕어+잉어+향어,30000원,2020-07-20
중리낚시터,저수지,충청북도 청주시 상당구 미원면 쌍이운교로 262,36.669118,127.665454,붕어+잉어+향어,25000원,2020-07-20
이정골낚시터,저수지,,36.636061,127.523977,붕어+잉어+향어,20000원,2020-07-20
장자골낚시터,저수지,충청북도 청주시 상당구 문의면 남계1길 3,36.535554,127.503843,붕어+잉어+향어,25000원,2020-07-20
척산낚시터,저수지,,36.559086,127.453531,붕어+잉어+향어,30000원,2020-07-20
일신낚시터,평지,충청북도 청주시 청원구 오창읍 일신길 34-27,36.756746,127.470374,붕어+잉어+향어,15000원,2020-07-20
유호정낚시터,저수지,충청북도 청주시 청원구 내수읍 우산2길 65,36.710498,127.412345,붕어+잉어+향어,30000원,2020-07-20
부연낚시터,저수지,충청북도 청주시 청원구 북이면 신기초정로 335,36.736716,127.573571,붕어+잉어+향어,20000원,2020-07-20
초정낚시터,저수지,충청북도 청주시 청원구 내수읍 세교초정로 369,36.714903,127.599766,붕어+잉어+향어,30000원,2020-07-20
비상낚시터,저수지,충청북도 청주시 청원구 내수읍 비상길 22-58,36.704427,127.580032,붕어+잉어+향어,30000원,2020-07-20
송말낚시터,저수지,충청북도 청주시 흥덕구 지동로75번길 39 (지동동),36.642624,127.412433,붕어+잉어+향어,30000원,2020-07-20
소로낚시터,저수지,충청북도 청주시 흥덕구 옥산면 소로2길 148,36.697368,127.401441,붕어+잉어+향어,30000원,2020-07-20
호암낚시터,저수지,충청북도 청주시 흥덕구 서부로 988-194 (석곡동),36.606843,127.418748,붕어+잉어+향어,15000원,2020-07-20
공북낚시터,저수지,충청북도 청주시 흥덕구 오송읍 정중연제로 651-84,36.652114,127.312772,붕어+잉어+향어,30000원,2020-07-20
성화낚시터,평지,충청북도 청주시 서원구 성화로 43-9 (성화동),36.608749,127.446669,붕어+잉어+향어,10000원,2020-07-20
주성낚시터,평지,"충청북도 청주시 청원구 내수읍 도원세교로 124-88, 주성낚시터",36.700498,127.536579,붕어+잉어+향어,15000원,2020-07-20
옥산낚시터,평지,,36.653982,127.386549,붕어+잉어+향어,15000원,2020-07-20
연정낚시터,평지,충청북도 청주시 흥덕구 강내면 연정1길 26,36.581306,127.380048,붕어+잉어+향어,30000원,2020-07-20
매전,저수지,,36.81828245,127.8860133,잉어+붕어,15000,2020-11-19
신흥,저수지,,36.87440983,127.7893156,잉어+붕어,15000,2020-11-19
문광,저수지,,36.769021,127.7466789,잉어+붕어,20000,2020-11-19
박달산,저수지,,36.84527458,127.9539078,잉어+붕어,30000,2020-11-19
추산,저수지,,36.90966566,127.8198779,잉어+붕어,15000,2020-11-19
어의곡낚시터,저수지,충청북도 단양군 매포읍 단양로 1317-8,37.0,128.3,잉어+붕어,"30,000원",2022-06-16
오동낚시터,저수지,충청북도 보은군 회인면 오동4길 89,36.5226,127.5813,향어,"30,000원",2024-12-17
입큰붕어낚시터,기타,충청북도 옥천군 동이면 세산2길 10,36.2707834,127.6026089,붕어류,"25,000",2020-12-14
비야골낚시터,기타,"충청북도 옥천군 군북면 비야대정로 282-94, 낚시터",36.3532041,127.5250911,붕어류,20000,2020-12-14
오룡낚시터,저수지,"충청북도 옥천군 이원면 백지길 169-1, 주택",36.2282367,127.6764916,"붕어류, 기타내수면어류",25000,2020-12-14
의평낚시터,저수지,"충청북도 옥천군 이원면 의평길 76, 주택",36.2111008,127.6231871,붕어류,25000,2020-12-14
백지리낚시터,저수지,충청북도 옥천군 이원면 백지1길 38-12,36.2341709,127.6762404,붕어류,25000,2020-12-14
방아실낚시터,저수지,"충청북도 옥천군 군북면 비야대정로 821, 창고",36.3864965,127.532302,"붕어류, 기타내수면류",25000,2020-12-14
은행리낚시터,저수지,충청북도 옥천군 군서면 곤룡로 428-31,36.2687414,127.5033369,붕어류,"20,000",2020-12-14
"군서낚시터(구,장령산)",저수지,"충청북도 옥천군 군서면 동평2길 12-24, 주택",36.2761886,127.5288594,붕어류,"20,000",2020-12-14
대밖낚시터,기타,충청북도 옥천군 이원면 대흥2길 32,36.2446326,127.6219535,기타 내수면어류,"30,000",2020-12-14
중해레저낚시터,기타,충청북도 옥천군 동이면 금강로 17-8,36.2954288,127.6135057,"참돔,우럭,기타해면어류","40,000",2020-12-14
구수리 낚시터,평지,"충청북도 진천군 백곡면 안구수길 34-28, 구수리낚시터",36.887,127.3606,붕어,낚시터 문의,2024-07-15
초평낚시터,저수지,"충청북도 진천군 초평면 평화로 482, 초평호 다목적 광장",36.8103,127.5115,"메기, 붕어, 베스, 동자개",낚시터 문의,2024-07-15
백곡낚시터,저수지,"충청북도 진천군 진천읍 백곡로 1140-14, 초원",36.871,127.3983,"메기, 붕어, 베스",낚시터 문의,2024-07-15
오가리,저수지,,36.815782,127.951453,잉어+붕어,30000,2022-06-17
새골낚시터,평지,충청북도 보은군 탄부면 평각1길 62,36.4663,127.7541,붕어류,"30,000원",2024-12-17
향수사계절 실내낚시터,기타,충청북도 옥천군 옥천읍 양수로6길 72-26,36.289716,127.548671,기타 내수면 어류,"30,000원",2013-03-13
옥녀봉 낚시터,평지,충청북도 진천군 이월면 은행정1길 14-15,,,붕어,,2024-07-15
생극낚시터,기타,충청북도 음성군 생극면 오신로 399-16,37.025839,127.623314,붕어,"55,000원",2023-04-20
제수리낚시터,저수지,충청북도 음성군 금왕읍 금일로284번길 100-4,37.010817,127.554459,붕어,"30,000원",2023-04-20
용대리낚시터,저수지,충청북도 음성군 삼성면 덕호로 360,37.044544,127.514314,붕어,"30,000원",2023-04-20
감곡낚시터,저수지,충청북도 음성군 감곡면 감노로 67-18,37.076491,127.627197,붕어,"20,000원",2023-04-20
상곡낚시터,저수지,충청북도 음성군 삼성면 점골길 51,37.013504,127.450467,붕어,"30,000원",2023-04-20
삼성지낚시터,저수지,충청북도 음성군 삼성면 금일로 1064-6,37.026576,127.484692,붕어,"25,000원",2023-04-20
중부낚시터,저수지,충청북도 음성군 삼성면 용성로5번길 86-24,37.001845,127.47583,붕어,"30,000원",2023-04-20
맹동낚시터,저수지,충청북도 음성군 맹동면 군자길 1492,36.894167,127.571429,붕어,"25,000원",2023-04-20
마이제낚시터,저수지,충청북도 음성군 삼성면 덕정로65번길 102,37.027938,127.494112,붕어,"25,000원",2023-04-20
주봉낚시터,저수지,충청북도 음성군 원남면 주봉로 141,36.866529,127.675445,붕어,"30,000원",2023-04-20
사계지낚시터,저수지,충청북도 음성군 금왕읍 보습길 77,37.020711,127.551423,붕어,"30,000원",2023-04-20
내곡낚시터,저수지,충청북도 음성군 금왕읍 마루택길29번길 63,37.01744,127.53839,붕어,"25,000원",2023-04-20
백야낚시터,저수지,충청북도 음성군 금왕읍 백야로 320,39.967806,127.603211,붕어,"30,000원",2023-04-20
백야낚시터,저수지,충청북도 음성군 금왕읍 백야로 320,39.967806,127.603211,붕어,30000,2023-04-20
내곡낚시터,저수지,충청북도 음성군 금왕읍 마루택길29번길 63,37.01744,127.53839,붕어,25000,2023-04-20
복상골낚시터,평지,충청북도 음성군 감곡면 사곡길 279,37.095607,127.669018,붕어,"40,000원",2023-04-20
생극낚시터,기타,충청북도 음성군 생극면 오신로 399-16,37.025839,127.623314,장어,"55,000원",2023-04-20
봉낚시터,저수지,충청북도 음성군 소이면 충갑길 196,36.88901,127.74706,붕어,"30,000원",2023-04-20
거일낚시터,저수지,충청북도 음성군 감곡면 거일길 156,37.108528,127.657346,붕어,"30,000원",2023-04-20
오궁낚시터,저수지,충청북도 음성군 감곡면 오궁리 124-2,37.111463,127.672462,붕어,"25,000원",2023-04-20
큰골낚시터,저수지,충청북도 음성군 감곡면 대학길190번길 59,37.138054,127.648323,붕어,"30,000원",2023-04-20
차평낚시터,저수지,충청북도 음성군 생극면 차생로 618-20,37.049326,127.622166,붕어,"30,000원",2023-04-20
제수리낚시터,저수지,충청북도 음성군 금왕읍 금일로284번길 100-4,37.010817,127.554459,붕어,"30,000원",2023-04-20
용대리낚시터,저수지,충청북도 음성군 삼성면 덕호로 360,37.044544,127.514314,붕어,"30,000원",2023-04-20
감곡낚시터,저수지,충청북도 음성군 감곡면 감노로 67-18,37.076491,127.627197,붕어,"20,000원",2023-04-20
봉낚시터,저수지,충청북도 음성군 소이면 충갑길 196,36.88901,127.74706,붕어,"30,000원",2023-04-20
거일낚시터,저수지,충청북도 음성군 감곡면 거일길 156,37.108528,127.657346,붕어,"30,000원",2023-04-20
오궁낚시터,저수지,충청북도 음성군 감곡면 오궁리 124-2,37.111463,127.672462,붕어,"25,000원",2023-04-20
큰골낚시터,저수지,충청북도 음성군 감곡면 대학길190번길 59,37.138054,127.648323,붕어,"30,000원",2023-04-20
차평낚시터,저수지,충청북도 음성군 생극면 차생로 618-20,37.049326,127.622166,붕어,"30,000원",2023-04-20
상곡낚시터,저수지,충청북도 음성군 삼성면 점골길 51,37.013504,127.450467,붕어,"30,000원",2023-04-20
삼성지낚시터,저수지,충청북도 음성군 삼성면 금일로 1064-6,37.026576,127.484692,붕어,"25,000원",2023-04-20
중부낚시터,저수지,충청북도 음성군 삼성면 용성로5번길 86-24,37.001845,127.47583,붕어,"30,000원",2023-04-20
맹동낚시터,저수지,충청북도 음성군 맹동면 군자길 1492,36.894167,127.571429,붕어,"25,000원",2023-04-20
마이제낚시터,저수지,충청북도 음성군 삼성면 덕정로65번길 102,37.027938,127.494112,붕어,"25,000원",2023-04-20
주봉낚시터,저수지,충청북도 음성군 원남면 주봉로 141,36.866529,127.675445,붕어,"30,000원",2023-04-20
사계지낚시터,저수지,충청북도 음성군 금왕읍 보습길 77,37.020711,127.551423,붕어,"30,000원",2023-04-20
내곡낚시터,저수지,충청북도 음성군 금왕읍 마루택길29번길 63,37.01744,127.53839,붕어,"25,000원",2023-04-20
백야낚시터,저수지,충청북도 음성군 금왕읍 백야로 320,39.967806,127.603211,붕어,"30,000원",2023-04-20
극동낚시터,저수지,충청북도 음성군 감곡면 성주로 362-17,37.14878,127.64593,붕어,"30,000원",2023-04-20
복상골낚시터,평지,충청북도 음성군 감곡면 사곡길 279,37.095607,127.669018,붕어,"40,000원",2023-04-20
국사봉낚시터,평지,충청북도 제천시 봉양읍 구곡로 173-1,37.0717077,128.108623,향어+붕어+잉어,40000,2024-08-08
은성낚시공원,평지,"충청북도 제천시 봉양읍 논골로 242, (삼거리)",37.1056988,128.130098,향어+붕어+잉어,15000,2024-08-08
가마실낚시터,평지,,37.121795,128.297684,향어+붕어+잉어,(캠핑장이용)0,2024-08-08
명지낚시터,평지,충청북도 제천시 무지동길56,37.104747,128.192859,향어+붕어+잉어,30000,2024-08-08
청풍호반낚시터,기타,,36.9878972,128.1146338,향어+붕어+잉어,70000,2024-08-08
물태리낚시터,기타,,36.99213167,128.1679697,향어+붕어+잉어,70000,2024-08-08
단리낚시터,기타,,36.9822596,128.144141,향어+붕어+잉어,70000,2024-08-08
단돈낚시터,기타,,37.0394019,128.110997,향어+붕어+잉어,70000,2024-08-08
신리낚시터,기타,,36.995289,128.152191,향어+붕어+잉어,70000,2024-08-08
대류한버들낚시터,기타,충청북도 제천시 청풍면 대류리 90번지 외 27필지,36.993111,128.142743,향어+붕어+잉어,70000,2024-08-08
명암낚시터,저수지,충청북도 제천시 봉양읍 명암로 243,37.1675804,128.126267,향어+붕어+잉어,40000,2024-08-08
덕곡낚시터,기타,충청북도 제천시 한수면 봉화재11길 24-41,36.945013,128.111496,향어+붕어+잉어,70000,2024-08-08
호반낚시터,기타,충청북도 제천시 한수면 봉화재길 819-2,36.9517671,128.111061,향어+붕어+잉어,70000,2024-08-08
용곡낚시터,기타,,36.9878972,128.1146338,향어+붕어+잉어,70000,2024-08-08
실리곡낚시터,기타,,36.975227,128.172761,향어+붕어+잉어,70000,2024-08-08
후산낚시터,기타,,37.0296435,128.1225532,향어+붕어+잉어,70000,2024-08-08
오산낚시터,기타,,37.005337,128.090962,향어+붕어+잉어,70000,2024-08-08
선고낚시터,저수지,충청북도 제천시 약초로16길 65,36.890815,128.195143,향어+붕어+잉어,40000,2024-08-08
연론낚시터,기타,,36.974681,128.127429,향어+붕어+잉어,70000,2024-08-08
사계지낚시터,저수지,충청북도 음성군 금왕읍 보습길 77,37.020711,127.551423,붕어,30000,2023-04-20
주봉낚시터,저수지,충청북도 음성군 원남면 주봉로 141,36.866529,127.675445,붕어,30000,2023-04-20
마이제낚시터,저수지,충청북도 음성군 삼성면 덕정로65번길 102,37.027938,127.494112,붕어,25000,2023-04-20
맹동낚시터,저수지,충청북도 음성군 맹동면 군자길 1492,36.894167,127.571429,붕어,25000,2023-04-20
중부낚시터,저수지,충청북도 음성군 삼성면 용성로5번길 86-24,37.001845,127.47583,붕어,30000,2023-04-20
삼성지낚시터,저수지,충청북도 음성군 삼성면 금일로 1064-6,37.026576,127.484692,붕어,20000,2023-04-20
상곡낚시터,저수지,충청북도 음성군 삼성면 점골길 51,37.013504,127.450467,붕어,30000,2023-04-20
차평낚시터,저수지,충청북도 음성군 생극면 차생로 618-20,37.049326,127.622166,붕어,30000,2023-04-20
큰골낚시터,저수지,충청북도 음성군 감곡면 대학길190번길 59,37.138054,127.648323,붕어,30000,2023-04-20
오궁낚시터,저수지,충청북도 음성군 감곡면 오궁리 124-2,37.111463,127.672462,붕어,25000,2023-04-20
거일낚시터,저수지,충청북도 음성군 감곡면 거일길 156,37.108528,127.657346,붕어,30000,2023-04-20
봉낚시터,저수지,충청북도 음성군 소이면 충갑길 196,36.88901,127.74706,붕어,30000,2023-04-20
감곡낚시터,저수지,충청북도 음성군 감곡면 감노로 67-18,37.076491,127.627197,붕어,20000,2023-04-20
용대리낚시터,저수지,충청북도 음성군 삼성면 덕호로 360,37.044544,127.514314,붕어,30000,2023-04-20
제수리낚시터,저수지,충청북도 음성군 금왕읍 금일로284번길 100-4,37.010817,127.554459,붕어,30000,2023-04-20
생극낚시터,기타,충청북도 음성군 생극면 오신로 399-16,37.025839,127.623314,붕어,55000,2023-04-20
복상골낚시터,평지,충청북도 음성군 감곡면 사곡길 279,37.095607,127.669018,붕어,40000,2023-04-20
큰손낚시카페,기타,충청북도 음성군 맹동면 원중로 1434(2층),36.90955,127.541023,붕어,9000 ~ 10000/시간,2023-04-20
극동낚시터,저수지,충청북도 음성군 감곡면 성주로 362-17,37.14878,127.64593,붕어,30000,2023-04-20
힐링낚시터,기타,충청북도 음성군 맹동면 대하2가길 11(지하1층),36.908066,127.54274,붕어,5000~7000,2023-04-20
큰손낚시카페,기타,충청북도 음성군 맹동면 원중로 1434(2층),36.90955,127.541023,붕어,5000~7000,2023-04-20
복상골낚시터,평지,충청북도 음성군 감곡면 사곡길 279,37.095607,127.669018,붕어,30000,2023-04-20
생극낚시터,기타,충청북도 음성군 생극면 오신로 399-16,37.025839,127.623314,붕어,50000,2023-04-20
제수리낚시터,저수지,충청북도 음성군 금왕읍 금일로284번길 100-4,37.010817,127.554459,붕어,20000,2023-04-20
용대리낚시터,저수지,충청북도 음성군 삼성면 덕호로 360,37.044544,127.514314,붕어,20000,2023-04-20
감곡낚시터,저수지,충청북도 음성군 감곡면 감노로 67-18,37.076491,127.627197,붕어,20000,2023-04-20
봉낚시터,저수지,충청북도 음성군 소이면 충갑길 196,36.88901,127.74706,붕어,30000,2023-04-20
거일낚시터,저수지,충청북도 음성군 감곡면 거일길 156,37.108528,127.657346,붕어,30000,2023-04-20
오궁낚시터,저수지,충청북도 음성군 감곡면 오궁리 124-2,37.111463,127.672462,붕어,10000,2023-04-20
큰골낚시터,저수지,충청북도 음성군 감곡면 대학길190번길 59,37.138054,127.648323,붕어,30000,2023-04-20
차평낚시터,저수지,충청북도 음성군 생극면 차생로 618-20,37.049326,127.622166,붕어,30000,2023-04-20
상곡낚시터,저수지,충청북도 음성군 삼성면 점골길 51,37.013504,127.450467,붕어,30000,2023-04-20
양덕낚시터,저수지,충청북도 음성군 삼성면 금일로 1064-6,37.026576,127.484692,붕어,20000,2023-04-20
중부낚시터,저수지,충청북도 음성군 삼성면 용성로5번길 86-24,37.001845,127.47583,붕어,25000,2023-04-20
맹동낚시터,저수지,충청북도 음성군 맹동면 군자길 1492,36.894167,127.571429,붕어,20000,2023-04-20
마이제낚시터,저수지,충청북도 음성군 삼성면 덕정로65번길 102,37.027938,127.494112,붕어,20000,2023-04-20
주봉낚시터,저수지,충청북도 음성군 원남면 주봉로 141,36.866529,127.675445,붕어,30000,2023-04-20
사계지낚시터,저수지,충청북도 음성군 금왕읍 보습길 77,37.020711,127.551423,붕어,25000,2023-04-20
내곡낚시터,저수지,충청북도 음성군 금왕읍 마루택길29번길 63,37.01744,127.53839,붕어,20000,2023-04-20
백야낚시터,저수지,충청북도 음성군 금왕읍 백야로 320,39.967806,127.603211,붕어,"15,000~20000",2023-04-20
형제낚시터,평지,"충청북도 진천군 문백면 문진로 88-90, 형제낚시터",,,붕어,낚시터 문의,2024-07-15
죠스실내낚시카페,기타,충청북도 충주시 연수동 국원대로 184,36.9879831,127.9286973,잉어+향어,10000,2024-07-31
남산손맛,평지,충청북도 충주시 교현동 금봉대로 346-21,36.9646455,127.9495865,붕어+잉어,30000,2024-07-31
가주,평지,충청북도 충주시 대가주2길 23,36.9324006,127.891439,붕어+잉어,30000,2024-07-31
도장골,평지,충청북도 충주시 호암동 더덕길 47,36.9441032,127.9249417,붕어+잉어,30000,2024-07-31
월상,평지,충청북도 충주시 금가면 김생로 1185,37.041286,127.866814,붕어+잉어,30000,2024-07-31
털보,평지,충청북도 충주시 금가면 장대산길 14,37.015584,127.876401,붕어+잉어,80000,2024-07-31
태고,평지,충청북도 충주시 금가면 금병길 55,37.057673,127.912283,붕어+잉어,20000,2024-07-31
화곡,저수지,충청북도 충주시 주덕읍 화곡1길 531,37.011374,127.806688,붕어+잉어,80000,2024-07-31
실로암,저수지,충청북도 충주시 주덕읍 충청대로 2350,36.963004,127.781525,붕어+잉어,30000,2024-07-31
모점,저수지,충청북도 충주시 앙성면 모점1길 128,37.156326,127.738208,붕어+잉어,60000,2024-07-31
대덕,저수지,충청북도 충주시 노은면 대덕길 119,37.058787,127.709089,붕어+잉어,70000,2024-07-31
용원,저수지,충청북도 충주시 신니면 신덕로 523,37.002766,127.709915,붕어+잉어,70000,2024-07-31
중산,저수지,충청북도 충주시 수안보면 중산길 185,36.870547,128.010504,붕어+잉어,30000,2024-07-31
종점,저수지,충청북도 충주시 동량면 지등로 2003,36.979865,128.056105,붕어+잉어,60000,2024-07-31
키다리,저수지,,36.974192,128.051902,붕어+잉어+뱀장어,60000,2024-07-31
서운,저수지,충청북도 충주시 동량면 지등로 1758,36.970944,128.049841,붕어+잉어+뱀장어,60000,2024-07-31
꽃바위,저수지,,36.977308,128.018005,붕어+잉어+뱀장어,60000,2024-07-31
입석,저수지,충청북도 충주시 중앙탑면 감노로 2301,37.026011,127.845269,붕어+잉어,70000,2024-07-31
목벌,저수지,충청북도 충주시 목벌길 111,36.967967,128.001411,붕어+잉어+뱀장어,60000,2024-07-31
명서,저수지,충청북도 충주시 산척면 정암산책길 140-1,37.058406,128.042049,붕어+잉어+뱀장어,60000,2024-07-31
하천,저수지,충청북도 충주시 동량면 하천1길 26,37.027482,128.044072,붕어+잉어+뱀장어,60000,2024-07-31
신매,저수지,충청북도 충주시 살미면 충주호수로 2707,36.919276,128.020149,붕어+잉어+뱀장어,60000,2024-07-31
제일,저수지,충청북도 충주시 살미면 내사1길 43,36.908522,128.012356,붕어+잉어+뱀장어,60000,2024-07-31
윤,저수지,충청북도 충주시 살미면 월악로 473,36.911502,128.017363,붕어+잉어+뱀장어,60000,2024-07-31
문골,저수지,충청북도 충주시 살미면 월악로 621,36.919744,128.025544,붕어+잉어+뱀장어,60000,2024-07-31
병호,저수지,충청북도 충주시 살미면 내사6길 30,36.910801,128.020763,붕어+잉어+뱀장어,60000,2024-07-31
늘푸른,저수지,충청북도 충주시 살미면 월악로 745-40,36.918487,128.034754,붕어+잉어+뱀장어,60000,2024-07-31
새마을낚시터,저수지,경상북도 경주시 내남면 내남로 393-20,35.78205433,129.1865307,붕어+잉어,"15,000원/일",2025-06-23
삼괴정낚시터,저수지,경상북도 경주시 강동면 다산길 117,36.04980649,129.2594352,붕어+잉어,"30,000원/일",2025-06-23
동산낚시터,저수지,경상북도 경주시 천북면 천강로 123-5,35.90181187,129.275109,붕어+잉어,"30,000원/일",2025-06-23
덕방낚시터,저수지,경상북도 경주시 외동읍 덕방지길 19-38,35.70590206,129.297816,붕어+잉어,"20,000원/일",2025-06-23
인동낚시터,저수지,경상북도 경주시 강동면 인좌안길 6-1,35.98661005,129.2624603,붕어+잉어,"10,000원/일",2025-06-23
광지낚시터(현재 휴업 중),저수지,경상북도 경주시 건천읍 천포방내길 98-9,35.83813866,129.0986789,붕어+잉어,"25,000원/일",2025-06-23
구봉낚시터,저수지,경상북도 칠곡군 지천면 낙산로5길 144-55,35.94234,128.511751,잉어+붕어,"30,000원",2020-06-24
호암지낚시터,저수지,경상북도 칠곡군 약목면 남계리 1046,36.024887,128.355128,잉어+붕어,"10,000원",2020-06-24
도속지낚시터,저수지,경상북도 칠곡군 북삼읍 오평리 1381,36.055072,128.368072,잉어+붕어,"10,000원",2020-06-24
천평지낚시터,저수지,경상북도 칠곡군 가산면 금화리 36외 25필지,36.076021,128.549696,잉어+붕어,"25,000원",2020-06-24
봇또랑낚시터,기타,"경상북도 칠곡군 북삼읍 율리 549-5,551-2,551-3,553-5,549-5",36.054527,128.340378,잉어+붕어+송어,"10,000원",2020-06-24
이천낚시터,평지,경상북도 상주시 외서면 이천2길83,36.47767421,128.1395139,잉어,"10,000원",2023-05-02
아포사계절낚시터,저수지,경상북도 김천시 아포읍 제석리 1431-7,36.1464838,128.2202,잉어,10000,2025-06-30
아포과수원낚시터,평지,경상북도 김천시 아포읍 국사리 155-1,36.1582056,128.2494965,잉어,10000,2025-06-30
배시네낚시터,평지,경상북도 김천시 아포읍 의리 121-1,36.1888737,128.2321408,잉어,10000,2025-06-30
복강유료낚시터,저수지,경상북도 김천시 대항면 복전리 188-2,36.131298,128.0231607,잉어,10000,2025-06-30
강태공낚시터,기타,경상북도 칠곡군 왜관읍 애국동산로 150,36.004523,128.411958,"붕어,잉어",,2021-10-27
신동지낚시터,저수지,경상북도 구미시 인동가산로 590,36.09708,128.4749,붕어+잉어,(일반) 13000원 + (고등학생이하 및 여성) 10000원,2022-11-28
물만난고기,기타,경상북도 구미시 인동중앙로 42,36.10867,128.4229,메기+송어,"10,000원/일",2022-11-28
역돔낚시터,평지,경상북도 문경시 문경읍 새재로 623,36.55211,128.232232,틸리피아,30000,2024-02-01
돌다리낚시터,평지,경상북도 문경시 마성면 은성길 173,36.540228,128.232232,잉어 외,25000,2024-02-01
우지낚시터,평지,경상북도 문경시 갈밭길 7-13,36.540228,128.232232,메기,20000,2024-02-01
두메낚시터,계곡,경상북도 경산시 남천면 신방길 39,35.760534,128.777194,메기+붕어+잉어,"15,000원",2024-11-21
OK낚시터,저수지,경상북도 경주시 대추밭안길 18-7(조양동),35.7788,129.2764,붕어+잉어,"10,000원/일",2025-06-23
평사낚시터,저수지,경상북도 경산시 진량읍 평사리 42-2,35.885503,128.871725,잉어+향어,"20,000원",2024-11-21
삼사낚시터,평지,경상북도 영천시 고경면 추곡길 215-12,35.98685782,129.0239398,붕어+잉어,"10,000원",2023-12-07
개나리,기타,경상북도 고령군 대가야읍 정정골길 67-39,35.741599,128.257505,"붕어류,잉어류","20,000원",2024-07-16
다산나정,기타,경상북도 고령군 다산면 나선로 312-27,35.83044575,128.3995484,"붕어류,잉어류","10,000원",2024-07-16
명포낚시터,평지,경상북도 성주군 선남면 명포리 15,35.882386,128.331951,붕어,"평일 10,000, 주말 15,000",2024-07-31
장기낚시터,기타,경상북도 안동시 북후면 북평로 697-16,36.66993336,128.7024188,"붕어, 잉어, 메기","1일 20,000원",2024-07-31
선어대낚시터,기타,경상북도 안동시 남선면 기느리길 252,36.54445316,128.773899,"붕어, 잉어, 메기","1일 10,000원",2024-07-31
지동낚시터,기타,경상북도 안동시 임동면 고천지촌로 1061,36.50687533,128.9941229,"쏘가리, 붕어, 잉어, 메기",휴업,2024-07-31
암반수낚시터,기타,경상북도 의성군 다인면 서부로 3018,36.46624748,128.3384845,붕어 등,"12시간당 30,000원",2024-11-15
매전낚시터,저수지,경상북도 청도군 매전면 온장길 142,35.637162,128.851936,"붕어, 잉어",1일 15000원,2024-12-09
대물낚시터,기타,경상북도 포항시 북구 기계면 봉좌로383번길 32-2,36.08236536,129.1615819,"붕어,메기","30,000원",2024-01-30
귀내낚시터,저수지,,36.837674,128.6173471,"붕어, 잉어","20,000원30,000원(장비 대여시)",2023-01-31
파지낚시터,저수지,"경상북도 영주시 장수면 장수로 827, 파지리낚시터",36.8021328,128.5475622,"붕어, 잉어","15,000원",2023-01-31
평은낚시터,저수지,경상북도 영주시 평은면 강동로410번길 24,36.71467002,128.6879693,"붕어, 잉어","30,000원",2023-01-31
바지선 선상낚시,바다,,33.24568966369,126.5775384632,청가시고기+넙치+자리돔 등,성인2시간(왕복선비 12000원 포함) 32000원,2024-07-22
낚고락고,바다,제주특별자치도 제주시 조천읍 조함해안로 247-2,33.5512632634,126.646943056,돌돔+넙치,20000원,2023-12-22
올레바당체험마을,바다,,33.4254371146,126.264092871,돌돔+넙치,12000원,2023-12-22
제일낚시터,평지,부산광역시 강서구 낙동북로73번가길 200-5 (강동동),35.22365536,128.940412,"붕어, 잉어","15,000원",2024-11-21
천성낚시터,바다,부산광역시 강서구 거가대로 2571 (천성동),35.02301425,128.8095884,해면어류,미정,2024-11-21
동선낚시터,바다,부산광역시 강서구 동선길 107 (동선동),35.05283693,128.8324001,해면어류,미정,2024-11-21
동삼어촌계 유어장 낚시터,바다,부산광역시 영도구 하리해안길 17-5,35.06978643,129.0812768,"도다리, 볼락류 등 기타해면어류","성인 25,000원, 어린이 15,000원  *낚시대 대어료 :5,000원",2024-07-10
대원관광농원,저수지,"부산광역시 기장군 기장읍 내리길 57, 대원관광농원",35.211047,129.2039,"잉어,붕어","10,000원",2023-05-02
이오피쉬,기타,"부산광역시 기장군 기장읍 대변로 153, 이오피쉬",35.2257,129.2288,"우럭, 참돔 등","70,000원",2023-05-02
용소사계절,저수지,"부산광역시 기장군 장안읍 기장대로 1665-73, 용소사계절",35.34273,129.24519,붕어,"10,000원",2023-05-02
부산실내바다낚시터,기타,"부산광역시 북구 효열로 275, 지하1층 (금곡동)",35.26720059,129.0183491,"바다랍스터,능성어,돌돔,참돔 등","30,000원",2024-07-01
어심바다낚시터,바다,"경기도 안산시 단원구 잘푸리길 109, 어심바다낚시터 (대부남동)",37.23606522264,126.5658309419,참돔+감성돔+우럭+도다리 등,1일 77000원,2023-12-06
해솔바다낚시터,바다,"경기도 안산시 단원구 구봉길 152, 해솔바다낚시터 (대부북동)",37.27837617475,126.5542115215,우럭+참돔+점성어+농어 등,"1일 70,000원",2023-12-06
우리실내낚시터,평지,"경기도 안산시 단원구 화랑로 28, 우리실내바다낚시터 지하1층 (원곡동)",37.33211660123,126.7960887311,잉어+향어+붕어+메기 등,"1일 30,000원",2023-12-06
k3바다낚시터,바다,"경기도 안산시 단원구 작은상재미길 86, k3바다낚시터 (대부동동)",37.25218005302,126.6139694374,우럭+참돔+농어+점성어등,"1일 77,000원",2023-12-06
등대바다낚시터,바다,"경기도 안산시 단원구 금당구지길 91, 등대바다낚시터 (대부남동)",37.23054271235,126.5905620978,우럭+점성어+농어+참동 등,"1일 77,000원",2023-12-06
북동낚시터,저수지,"경기도 안산시 단원구 뻐꾹산길 98, 북동낚시터 (대부북동)",37.25690318005,126.5810408128,붕어+잉어등,1일 30000,2023-12-06
조부장바다낚시터,바다,"경기도 안산시 단원구 구봉길 55, 조부장바다낚시터 (대부북동)",37.2713967648,126.5618898925,우럭+돔종류+광어+랍스터 등,"1일 70,000원+4시간 30,000",2023-12-06
대부도바다낚시터,바다,"경기도 안산시 단원구 구봉타운길 22, 대부도바다낚시터 (대부북동)",37.27772840717,126.5516876135,우럭+참돔+농어+점성어등,"1일 70,000원",2023-12-06
수암낚시터,저수지,"경기도 안산시 상록구 지장골길 51-18, 수암낚시터 (수암동)",37.37232030674,126.8808463725,향어+잉어+메기 등,"1일 30,000",2023-12-06
독도바다낚시터,바다,"경기도 안산시 단원구 새방죽길 165, 독도바다낚시터 (대부북동)",37.23985943104,126.5660485595,우럭+참돔+점성어+농어 등,"1일 75,000원",2023-12-06
하늘바다낚시터,바다,"경기도 안산시 단원구 작은상재미길 99, 하늘바다낚시터 (대부동동)",37.23338146276,126.6077971206,우럭+참돔+점성어+농어 등,"1일 70,000원",2023-12-06
못말낚시터,평지,경기도 양주시 남면 현석로 781-14,37.85149836,126.9821002,"붕어,잉어","25,000",2023-03-27
용암낚시터,저수지,,37.85284499,127.0500455,"붕어,잉어","20,000",2023-03-27
살구골낚시터,평지,,37.84001046,127.0042246,"붕어,잉어","25,000",2023-03-27
신암낚시터,저수지,경기도 양주시 남면 감악산로 514번길 365,37.91971034,126.9640752,"붕어,잉어","25,000",2023-03-27
남방낚시터,저수지,경기도 양주시 양주산성로 280-7,37.77576379,127.0180123,"붕어,잉어","25,000",2023-03-27
효촌낚시터,저수지,,37.87937325,126.9561064,"붕어,잉어","20,000",2023-03-27
봉암낚시터,저수지,경기도 양주시 남면 양연로173번길 82-28,37.9234617,126.994659,"붕어,잉어","25,000",2023-03-27
원당,저수지,,37.92235363,126.9869436,"붕어,잉어","25,000",2023-03-27
칠봉산,평지,경기도 양주시 천보산로 201,37.85687137,127.0985831,"붕어,잉어","30,000",2023-03-27
광사,평지,경기도 양주시 부흥로 1864-40,37.7885519,127.0709504,"붕어,잉어","20,000",2023-03-27
동산,저수지,경기도 양주시 남면 감악산로514번길 54-20,37.90829399,126.9653998,"붕어,잉어","20,000",2023-03-27
장자원,평지,경기도 양주시 장흥면 일영로502번길 2-105,37.68574374,126.9285218,"붕어,잉어","20,000",2023-03-27
은현피싱타운,평지,경기도 양주시 은현면 그루고개로490번길 49-27,37.85146262,127.0157938,"붕어,잉어","25,000",2023-03-27
삼하,평지,,37.67330775,126.9088062,"붕어,잉어","20,000",2023-03-27
송추,평지,경기도 양주시 장흥면 호국로 586-24,37.7177652,126.9792169,붕어,"15,000",2023-03-27
일영낚시터,평지,,37.70596996,126.9315963,"붕어,잉어","30,000",2023-03-27
자일낚시터,저수지,경기도 의정부시 호국로1860번길 79,37.77156,127.105302,잉어류,"20,000",2024-01-11
가자실내낚시터,기타,경기도 의정부시 시민로 117(의정부동),37.738678,127.04832,잉어류,"10,000(1시간기준)",2024-01-11
또또와 실내낚시카페,기타,경기도 의정부시 추동로19번길 7,37.743652,127.057607,잉어류+메기류,"10,000(1시간기준)",2024-01-11
부림낚시터(부림저수지),저수지,경기도 양평군 개군면 불곡덕고갯길 134-66,37.43924011,127.5477091,잉어+ 상어,30000,2024-07-23
수곡낚시터(어은저수지),저수지,경기도 양평군 지평면 어은길 71,37.44059045,127.5999993,붕어,30000,2024-07-23
월산낚시터(월산저수지),저수지,,37.47269801,127.6511908,상어+ 잉어+ 붕어,25000,2024-07-23
백동낚시터(백동저수지),저수지,,37.56063061,127.6867879,붕어,30000,2024-07-23
그린낚시터(전수저수지),저수지,경기도 양평군 강하면 수대길 110,37.48031275,127.4263199,붕어+ 잉어,25000,2024-07-23
신애낚시터,저수지,경기도 양평군 양평읍 새만이길 86,37.51020947,127.4959266,향어+ 잉어,20000,2024-07-23
오빈낚시터(오빈저수지),저수지,,37.50612798,127.4898977,붕어,30000,2024-07-23
대석낚시터(대석저수지),저수지,경기도 양평군 강상면 강남로 1811,37.4269477,127.4777729,붕어,30000,2024-07-23
향리낚시터(향리저수지),저수지,경기도 양평군 개군면 아랫상골길 45,37.43479102,127.5667369,붕어+ 잉어,30000,2024-07-23
세월낚시터,저수지,,37.44519278,127.4805659,붕어,30000,2024-07-23
대명낚시터,저수지,경기도 양평군 단월면 소부록길 35,37.56866935,127.6741137,상어+ 메기,30000,2024-07-23
피쉬랜드낚시터,저수지,경기도 양평군 강하면 강하2로 367,37.46486201,127.4205487,메기+ 철갑상어,30000,2024-07-23
고재낚시터,저수지,경기도 양평군 지평면 고재길 108,37.42743942,127.606234,붕어+ 메기+ 송어,30000,2024-07-23
이화,기타,,37.5947475379,126.7371851197,붕어+잉어+기타어류,"35,000원",2020-12-23
그린,기타,경기도 김포시 고촌읍 인향로210번길 52,37.5861328371,126.7550608557,붕어+잉어+기타어류,"35,000원",2020-12-23
대원,기타,,37.6919829289,126.5633697093,붕어+잉어+기타잡어,"20,000원",2020-12-23
구래,기타,경기도 김포시 양촌읍 김포한강8로 100-59,37.6299166031,126.639391458,향어+잉어+붕어+기타어류,"노지 : 10,000원, 하우스 : 15,000원",2020-12-23
태리,기타,,37.5967797632,126.7476293921,붕어+잉어+기타어류,"35,000원",2020-12-23
조강,저수지,,37.7452518301,126.5719274151,붕어+잉어+기타어류,"15,000원",2020-12-23
김포실내바다낚시터,기타,경기도 김포시 대곶면 대곶서로 283-25,37.6451473608,126.5806472144,우럭+참돔+농어+기타어류,"60,000원",2020-12-23
김포,기타,,37.7340104879,126.6223949611,붕어+잉어+기타어류,"30,000원",2020-12-23
고정,기타,경기도 김포시 통진읍 고척로 104,37.7174578072,126.5874015885,"붕어,잉어,기타어류","35,000원",2020-12-23
고막낚시터,저수지,경기도 김포시 월곶면 애기봉로 85-12,37.7218427868,126.5581979494,붕어+잉어+기타어류,"35,000원",2020-12-23
아리수,기타,,37.7491731842,126.6513077797,붕어+잉어+기타어류,15000원,2020-12-23
김포 피싱존,기타,경기도 김포시 양촌읍 석모로44번길 93,37.656371571,126.6470106368,우럭+참돔+농어+기타어류,"35,000원",2020-12-23
드림바다실내낚시터,기타,경기도 김포시 풍무로9번길 26,37.5975972857,126.7201016738,우럭+참돔+농어+기타어류,"30,000원",2020-12-23
놀러와실내낚시카페,평지,"경기도 안산시 상록구 샘골로 159, 창원빌딩 지하1층 2~3호 (본오동)",37.29806560072,126.8629480419,잉어+향어,"1시간 10,000원",2023-12-06
낚시존낚시카페,평지,"경기도 안산시 단원구 고잔로 76, 영풍빌딩 지하1층 37~41호 (고잔동)",37.3188909034,126.8348385401,잉어+향어,"1시간 5,000원",2023-12-06
꾼낚시카페,평지,"경기도 안산시 단원구 고잔2길 38, 중앙상가 지하층 1,2,3호 (고잔동)",37.31756622397,126.8353288839,민물고기,"1시간 10,000원",2023-12-06
밤밭,저수지,경기도 포천시 가산면 포천로 912번길 143-94,37.84250079,127.2136439,붕어,"30,000",2022-10-31
가산낚시터,저수지,경기도 포천시 가산면 우금길 13-32,37.82549928,127.2125165,붕어,"(노지)30,000+(1인 수상방갈로)50,000+(2인수상방갈로)100,000+(4인수상방갈로)170,000",2022-10-31
중리테마파크,저수지,경기도 포천시 관인면 지장산길 65,38.10167638,127.1992908,붕어,"(잔교좌대)30,000+(손맛터)20,000+(2인방갈로)평일100,000,주말120,000+(3인방갈로)평일120,000,주말150,000+(5인방갈로)평일180,000,주말230,000",2022-10-31
금주,저수지,경기도 포천시 영중면 물안길 135,37.97376415,127.2701662,붕어,"(2인방갈로)80,000+(4인방갈로)180,000+(6인방갈로)250,000+(8인방갈로)300,000",2022-10-31
지청,저수지,경기도 포천시 일동면 청지로 150-41,37.95845374,127.3300224,붕어,"30,000",2022-10-31
마전,저수지,경기도 포천시 가산면 마전길 129-1,37.84907203,127.2139254,붕어,"(육상방갈로,노지)30,000+(1인방갈로)50,000",2022-10-31
용담대물,저수지,경기도 포천시 관인면 사정리 384-3,38.13744071,127.2617286,붕어,"(2인방갈로)평일80,000,주말100,000+(6인방갈로)평일100,000,주말120,000",2022-10-31
직두리,저수지,경기도 포천시 군내면 진구자리1길 14,37.87725794,127.2300427,붕어,"(평일)20,000+(주말)30,000",2022-10-31
새마을,저수지,경기도 포천시 군내면 좌의길 79,37.86264904,127.2152827,붕어,"10,000",2022-10-31
무네미,저수지,경기도 포천시 군내면 유교리 88번길 43,37.86690636,127.1949493,붕어,"(노지)30,000+(1인방갈로)토제외40,000,토50,000+(2인방갈로)100,000+(4인방갈로)200,000",2022-10-31
내촌,저수지,경기도 포천시 내촌면 내진로 30번길 64,37.7872828,127.2235448,붕어,"10,000",2022-10-31
동교,저수지,경기도 포천시 동교동 670-3,37.85092126,127.1224802,붕어,"(2인방갈로)100,000+(3인방갈로)140,000+(4인방갈로)170,000",2022-10-31
수목원레저,저수지,경기도 포천시 소흘읍 직동길 28,37.76563953,127.1700127,붕어,"50,000",2022-10-31
황금연못,저수지,경기도 포천시 신북면 포천로 2371,37.96116913,127.1933304,붕어,"30,000",2022-10-31
태산,저수지,경기도 포천시 영북면 호국로 3421번길 8,38.04295578,127.2655168,붕어+뱀장어,"30,000",2022-10-31
초원,저수지,경기도 포천시 자작동 자작로3길85,37.87683209,127.1691193,붕어,"(노지)30,000+(2인방갈로)50,000",2022-10-31
우금,저수지,경기도 포천시 가산면 우금6길 43-44,37.84002891,127.2164266,붕어,"(노지)30,000+(방갈로)평일80,000,주말100,000",2022-10-31
밤밭실내낚시터,저수지,경기도 포천시 가산면 포천로 912번길 143-94,37.84250079,127.2136439,뱀장어+바닷가재,"(평일 2시간)40,000+(평일 3시간)60,000+(주말 야간)70,000",2022-10-31
동교실내,저수지,경기도 포천시 동교동 원동교길 268,37.85123047,127.1226637,붕어+뱀장어,"10,000",2022-10-31
수목원,저수지,경기도 포천시 소흘읍 직동리 80-4,37.76614895,127.1690342,뱀장어+바닷가재,"30,000",2022-10-31
금강,저수지,경기도 포천시 일동면 새낭로 66,37.98426442,127.3346887,붕어,"30,000",2022-10-31
고일,저수지,경기도 포천시 신북면 포천로 2721번길 157,37.97524619,127.1728453,붕어,"30,000",2022-10-31
길명,저수지,경기도 포천시 일동면 영일로 316,37.94734418,127.2596293,붕어,"30,000",2022-10-31
운천낚시공원,저수지,경기도 포천시 영북면 호국로 4350번길 136-204,38.09911938,127.2972835,붕어,"30,000",2022-10-31
퐁퐁실내낚시터,기타,경기도 고양시 일산동구 탄중로 429 성지프라자 지하1층 102호(중산동),37.69076,126.77767,잉어+붕어,10000원,2025-05-23
백두산낚시터,기타,경기도 고양시 덕양구 서리골길36번길 158-7(선유동),37.68858,126.9114,잉어+붕어,"15,000원",2025-05-23
백용낚시터,기타,경기도 고양시 일산동구 감내길 73(성석동),37.71391,126.78215,잉어+붕어,20000원,2025-05-23
문봉낚시터,기타,경기도 고양시 일산동구 성현로268번길 153(문봉동),37.70112,126.81428,잉어+붕어,10000원,2025-05-23
보물섬낚시터,기타,경기도 고양시 덕양구 대곡길 31-8(내곡동),37.64341,126.80289,잉어+붕어,15000원,2025-05-23
봉림낚시터,기타,경기도 고양시 덕양구 호국로1595번길 25(대자동),37.69295,126.89947,잉어+붕어,"10,000원",2025-05-23
뚜루실내낚시놀이터,기타,"경기도 고양시 일산동구 견달산로225번길 26-44, 나동(식사동)",37.68912,126.81875,잉어+붕어,33000원,2025-05-23
바위골 낚시터,평지,경기도 군포시 호수로 43-178(둔대동),,,붕어,"10,000원(평일), 15,000원(주말 및 공휴일)",2025-06-24
남양주 락 실내바다 낚시터,평지,경기도 남양주시 고재로 143,37.6351,127.1784,-,"85,000",2025-03-19
남양주탑실내바다낚시터,평지,경기도 남양주시 진접읍 금강로 1857,37.75,127.2098,-,"85,000",2025-03-19
초원 낚시터,평지,경기도 남양주시 석실로408번길 142,37.6133,127.2203,-,55000,2025-03-19
숲속낚시터,평지,경기도 남양주시 식송1로 254-72,37.6622,127.1084,-,"20,000",2025-03-19
늘푸른낚시터,평지,경기도 남양주시 별내면 청학로48번길 29-13,37.7063,127.1237,-,20000,2025-03-19
천지연낚시터,평지,경기도 남양주시 고래산로 274,37.5988,127.2874,-,20000,2025-03-19
수동그린낚시터,평지,경기도 남양주시 수동면 지둔로 71-27,37.7015,127.3186,-,20000,2025-03-19
헤라낚시터,평지,경기도 남양주시 별내면 청학로54번길 83,37.7128,127.1252,-,20000,2025-03-19
경춘낚시터,평지,경기도 남양주시 경춘로답내1길 122,37.6626,127.3377,-,20000,2025-03-19
창포연못낚시터,평지,경기도 남양주시 진건우회로120번길 82-2,37.6453,127.1838,-,20000,2025-03-19
남양낚시터,평지,경기도 남양주시 와부읍 석실로592번길 60,37.6157,127.2163,-,20000,2025-03-19
월문낚시터,평지,경기도 남양주시 와부읍 수레로661번안길 95,37.6246,127.2759,-,20000,2025-03-19
진벌낚시공원,평지,경기도 남양주시 진접읍 진벌리 324,37.7346,127.2276,-,"20,000",2025-03-19
배양낚시터,저수지,경기도 남양주시 진건읍 고재로191번길 64-17,37.639,127.1871,-,25000,2025-03-19
화도낚시터,저수지,경기도 남양주시 화도읍 경춘로2414번길 50-14,37.6554,127.3601,-,20000,2025-03-19
의왕시 낚시터 없음,기타,"경기도 의왕시 시청로 11, 의왕시청 (고천동)",,,없음,,2024-07-24
아방리낚시터,저수지,경기도 광명시 범안로 740-12 (노온사동),37.4425983,126.856398,잉어+붕어,"30,000원",2023-05-17
샘터낚시터,저수지,경기도 광명시 장절로 96-33 (노온사동),37.4313547,126.8571543,잉어+붕어,"25,000원",2023-05-17
못난이샤크 실내바다낚시터,기타,"경기도 광명시 광명로 858, 지하1층 (광명동)",37.4756438,126.852954,잉어+붕어,"38,000원(2시간, 부가세별도)",2023-05-17
노진낚시터,저수지,경기도 화성시 장안면 노진리 1467 외 2필지,37.02226239,126.8152478,붕어+잉어,"25,000",2024-08-02
대성낚시터,저수지,경기도 화성시 팔탄면 녹막말길9번길 199,37.17188889,126.8660989,붕어+잉어,"15,000",2024-08-02
용주골낚시터,저수지,경기도 화성시 황계남길 15,37.21157743,127.0086725,붕어+잉어,"25,000",2024-08-02
기천낚시터,저수지,경기도 화성시 봉담읍 건달산로 309-33,37.19629691,126.9117052,붕어+잉어,"25,000",2024-08-02
관리낚시터,저수지,경기도 화성시 향남읍 동오리 545-1 외 3필지,37.13297478,126.9457119,붕어+잉어,"30,000",2024-08-02
버들낚시터,저수지,경기도 화성시 장안면 버들안길 3,37.12872541,126.8353876,붕어+잉어,"20,000",2024-08-02
어천낚시터,저수지,경기도 화성시 매송면 어사로 47,37.25528976,126.9144635,붕어+잉어,"25,000",2024-08-02
새봉낚시터,저수지,경기도 화성시 정남면 세자로303번길 46,37.1947972,126.9760645,붕어+잉어,"30,000",2024-08-02
신촌낚시터,저수지,경기도 화성시 매송면 매송북길 179,37.28422966,126.9017887,붕어+잉어,"15,000",2024-08-02
조암낚시터,저수지,경기도 화성시 우정읍 한뿌리1길 157-25,37.09650621,126.8021179,붕어+잉어,"15,000",2024-08-02
송라낚시터,저수지,경기도 화성시 매송면 매송북길 179,37.28422966,126.9017887,붕어+잉어,"15,000",2024-08-02
동방낚시터,저수지,경기도 화성시 팔탄면 노하길116번길 198,37.15153123,126.8634678,붕어+잉어,"15,000",2024-08-02
안석낚시터,저수지,경기도 화성시 남양읍 활초길 214-17,37.16005343,126.8344179,붕어+잉어,"25,000",2024-08-02
은수포낚시터,저수지,경기도 화성시 서신면 은수포길 194,37.19982403,126.6914026,붕어+잉어,"20,000",2024-08-02
덕우낚시터,저수지,경기도 화성시 봉담읍 삼천병마로 709,37.17108351,126.9358869,붕어+잉어,"20,000",2024-08-02
당골낚시터,저수지,경기도 화성시 장안면 장안리 35 외 6필지,37.05532018,126.8664096,붕어+잉어,"25,000",2024-08-02
화성대어낚시터,저수지,경기도 화성시 비봉면 비봉로528번길 40,37.26042685,126.8529977,붕어+잉어,"20,000",2024-08-02
초당낚시터,저수지,경기도 화성시 봉담읍 주석로 891-21,37.20057681,126.911655,붕어+잉어,"15,000",2024-08-02
성지골낚시터,저수지,경기도 화성시 서신면 장외리 214-2 외 4필지,37.17196949,126.6702362,붕어+잉어,"20,000",2024-08-02
양석낚시터,저수지,경기도 화성시 향남읍 하길리 504-1 외 2필지,37.10886824,126.9240506,붕어+잉어,"20,000",2024-08-02
스타바다좌대낚시터,바다,경기도 화성시 서신면 송교리 405-1 외 1필지,37.1705191,126.6577333,돔류,"60,000",2024-08-02
서신레저바다낚시터,바다,경기도 화성시 서신면 화남공단로 79,37.16170633,126.6814562,돔류,"70,000",2024-08-02
국화리해상좌대낚시터,바다,경기도 화성시 우정읍 국화길 2,37.06090765,126.5593612,우럭,"20,000",2024-08-02
매송낚시터,저수지,경기도 화성시 매송면 매송로330번길 50,37.26439417,126.8864237,메기+붕어,"50,000",2024-08-02
죠스실내낚시카페,기타,경기도 화성시 효행로 1051,37.21465039,127.0417616,돔류,"11,000",2024-08-02
화성락실내바다낚시터,기타,경기도 화성시 봉담읍 하가등리 379-12,37.14559335,126.9308477,돔류,"33,000",2024-08-02
송라손맛터,저수지,경기도 화성시 매송면 송라리 380-1 외 2필지,37.281175,126.895676,붕어+잉어,"10,000",2024-08-02
시화힐링낚시터,기타,경기도 화성시 안녕남로58번길 4,37.196444,126.989738,돔류,"20,000",2024-08-02
뚜루실내바다낚시터,기타,경기도 화성시 비봉면 쌍학길 75,37.242891,126.897376,돔류,"40,000",2024-08-02
기안실내바다낚시터,기타,경기도 화성시 기안동로 48-4 (기안동),37.22982549,126.9888555,돔류,"60,000",2024-08-02
형제수산낚시터,기타,경기도 화성시 서신면 매화1길 71,37.17381111,126.7062272,장어,"100,000",2024-08-02
앵글러실내낚시터,기타,경기도 화성시 동탄대로 446(동탄역 그란비아스타),37.1934,127.10006,돔류,"12,000",2024-08-02
도깨비 낚시터,기타,"경기도 화성시 10용사로 336-9(능동), B동 1층",37.1979,127.0545,붕어+잉어,"55,000",2024-08-02
비봉 낚시터,기타,경기도 화성시 비봉면 쌍학리 776,37.2262,126.8958,붕어,"20,000",2024-08-02
본죽낚시터,저수지,경기도 이천시 율면 주래본죽로 508-1,37.08,127.52,붕어,20000,2024-07-26
학암낚시터,저수지,경기도 이천시 신둔면 이장로311번길 490,37.28,127.37,붕어+향어+잉어,30000,2024-07-26
고담낚시터,저수지,경기도 이천시 진상미로2192번길 217,37.23,127.46,붕어,30000,2024-07-26
각평낚시터,저수지,경기도 이천시 마장면 덕이로154번길 273,37.23,127.38,붕어+잉어+메기,30000,2024-07-26
용면파크낚시터,저수지,,37.29,127.36,붕어+향어+잉어+메기+빙어,30000,2024-07-26
용풍낚시터,저수지,,37.12,127.59,붕어+가물치,30000,2024-07-26
성호낚시터,저수지,,37.13,127.53,붕어+잉어+동자개,25000,2024-07-26
신 기,저수지,경기도 용인시 처인구 남동 542,37.219866,127.1912656,붕어+잉어+향어,40000원,2024-07-16
한 터,저수지,경기도 용인시 처인구 양지면 대대리 639-1,37.2599235,127.276299,붕어+잉어+향어,20000원,2024-07-16
상 덕,저수지,경기도 용인시 처인구 이동읍 서리 873,37.2149397,127.1636173,붕어+잉어,20000원,2024-07-16
삼 인,저수지,경기도 용인시 처인구 남사읍 북리 369,37.1583712,127.141521,붕어+잉어,50000원,2024-07-16
두 창,저수지,경기도 용인시 처인구 원삼면 두창리 1393,37.1489493,127.3348678,붕어+잉어+향어,25000원,2024-07-16
아 곡,저수지,경기도 용인시 처인구 백암면 고안리 산153,37.131062,127.4165405,붕어+잉어+향어,30000원,2024-07-16
동 막,저수지,경기도 용인시 처인구 남사읍 통삼리 646-16,37.1446296,127.1325699,붕어+잉어+향어,20000원,2024-07-16
창 리,저수지,경기도 용인시 처인구 남사읍 창리 377-8,37.1400831,127.1846965,붕어+잉어,80000원,2024-07-16
요덕골,저수지,경기도 용인시 처인구 이동읍 송전리 41,37.1373894,127.2199263,붕어+잉어+향어,60000원,2024-07-16
신 원,저수지,경기도 용인시 처인구 이동읍 묵리 346,37.1649538,127.2516595,붕어+잉어+향어,60000원,2024-07-16
사계절,저수지,경기도 용인시 처인구 이동읍 송전리 984,37.1343898,127.19417,붕어+잉어,25000원,2024-07-16
용 담,저수지,경기도 용인시 처인구 원삼면 사암리 1182-2,37.1888617,127.3069342,붕어+잉어,30000원,2024-07-16
송원,저수지,경기도 용인시 처인구 남사읍 봉무리 678-8,37.1073578,127.1439165,붕어+잉어,(휴업중),2024-07-16
산 장,저수지,경기도 용인시 처인구 양지면 평창리 537-1,37.2257809,127.3220522,붕어+잉어+향어,50000원,2024-07-16
묵 리,저수지,경기도 용인시 처인구 이동읍 묵리 591,37.1760506,127.2327837,붕어+잉어+향어,20000원,2024-07-16
이 동,저수지,경기도 용인시 처인구 이동읍 어비리574-3,37.1259221,127.2040823,붕어+잉어+향어,5000원,2024-07-16
도장골낚시터,평지,경기도 가평군 조종면 대보간선로399번길 63-9,37.806847,127.373369,메기+향어,40000,2024-11-25
산유낚시터,평지,경기도 가평군 가평읍 분자골로 22,37.757527,127.50958,메기+향어,40000,2024-11-25
산수낚시터,평지,경기도 가평군 북면 논남기길 19-35,37.967557,127.459915,송어,30000,2024-11-25
가평낚시터,평지,경기도 가평군 가평읍 가화로 440-95,37.855453,127.510032,송어+메기,30000,2024-11-25
고초골,저수지,경기도 용인시 처인구 원삼면 학일리 104,37.1578429,127.2845366,붕어+잉어+향어,40000원,2024-07-16
통 삼,저수지,경기도 용인시 처인구 남사읍 통삼리 33번지,37.1215841,127.1353062,붕어+잉어,20000원,2024-07-16
용인실내바다낚시터,기타,경기도 용인시 처인구 포곡읍 영문리 82,37.2754097,127.206358,우럭+광어+참돔,40000원,2024-07-16
청춘물고기,기타,"경기도 수원시 팔달구 향교로1번길 22-15, 지하1층",37.2691271,127.0008509,붕어류,"10,000원",2024-03-05
잉어킹낚시카페,기타,"경기도 수원시 팔달구 경수대로446번길 56, 지하1층",37.26502616,127.0294519,잉어류,"10,000원",2024-03-05
도심어부,기타,"경기도 수원시 영통구 영통로 232, 지하1층(영통동, 제2상가동)",37.24841817,127.0584843,가재류,"10,000원",2024-03-05
수원실내낚시터,기타,"경기도 수원시 권선구 권선로 652, 지하1층(권선동)",37.26012603,127.0224305,잉어류,"10,000원",2024-03-05
해적왕실내낚시카페,기타,"경기도 수원시 팔달구 효원로307번길 47, 지하1층(인계동, 문화빌딩)",37.26302406,127.0359218,잉어류,"10,000원",2024-03-05
광탄낚시터,평지,경기도 파주시 광탄면 부흥로 194-42,37.801422,126.867271,붕어+잉어 등,20000원,2024-08-16
발랑낚시터,저수지,경기도 파주시 광탄면 부흥로 596,37.805583,126.908618,붕어+잉어 등,25000원,2024-08-16
직천낚시터,저수지,경기도 파주시 법원읍 만월로 505-89,37.893537,126.921682,붕어+잉어 등,20000원,2024-08-16
금곡낚시터,평지,경기도 파주시 법원읍 술이홀로1372번길 347,37.892585,126.892636,붕어+잉어 등,30000원,2024-08-16
썸피싱카페낚시터,평지,"경기도 파주시 금정18길 20, 지하102호",37.760691,126.775234,붕어+잉어 등,10000원,2024-08-16
자유로낚시터,평지,경기도 파주시 탄현면 엘지로717번길 2-112,37.837204,126.729808,붕어+잉어 등,70000원,2024-08-16
임진낚시캠핑,평지,경기도 파주시 문산읍 임진나루길 178-68,37.888108,126.792855,붕어+잉어 등,25000원,2024-08-16
작은연못낚시터,평지,경기도 파주시 광탄면 방축안길 39-5,37.812219,126.859396,붕어+잉어 등,10000원,2024-08-16
감악산낚시터,평지,경기도 파주시 적성면 감골길 48,37.912155,126.952206,붕어+잉어 등,20000원,2024-08-16
아름낚시터,평지,경기도 파주시 광탄면 부흥로 422,37.803784,126.894003,붕어+잉어 등,20000원,2024-08-16
넘버원애드낚시터,평지,경기도 파주시 법원읍 보광로 1663,37.824024,126.868772,붕어+잉어 등,20000원,2024-08-16
산골낚시터,평지,경기도 파주시 법원읍 만월로613번길 237,37.890303,126.914039,붕어+잉어 등,30000원,2024-08-16
하마낚시터,평지,경기도 파주시 적성면 국사로 297,37.961168,126.869634,붕어+잉어 등,20000원,2024-08-16
문화레저낚시터,평지,경기도 파주시 광탄면 혜음로 1300-45,37.796769,126.850252,붕어+잉어 등,20000원,2024-08-16
원실내바다낚시터,평지,경기도 파주시 산남로107번길 35-139,37.700928,126.694877,붕어+잉어 등,22000원,2024-08-16
매일낚시터,평지,경기도 파주시 광탄면 보광로 898-17,37.776367,126.884338,붕어+잉어 등,10000원,2024-08-16
원동낚시터,저수지,,37.144601,127.091246,붕어+잉어,"(1일)30,000원",2025-06-25
삼미낚시터,저수지,경기도 오산시 외삼미로 30(외삼미동),37.19051,127.054368,"붕어,잉어,향어,메기","(1일)20,000원",2025-06-25
수원 드림바다 실내 낚시터,기타,경기도 오산시 삼미로47번길 24(내삼미동),37.1771766,127.066976,돔+매가리+민어,"(2시간)33,000원+(3시간)44,000원",2025-06-25
용인실내바다낚시터,기타,,37.2754097,127.206358,우럭+광어+참돔,40000원,2024-07-16
통 삼,저수지,,37.1215841,127.1353062,붕어+잉어,20000원,2024-07-16
고초골,저수지,,37.1578429,127.2845366,붕어+잉어+향어,40000원,2024-07-16
이 동,저수지,,37.1259221,127.2040823,붕어+잉어+향어,5000원,2024-07-16
묵 리,저수지,,37.1760506,127.2327837,붕어+잉어+향어,20000원,2024-07-16
산 장,저수지,,37.2257809,127.3220522,붕어+잉어+향어,50000원,2024-07-16
송원,저수지,,37.1073578,127.1439165,붕어+잉어,(휴업중),2024-07-16
용 담,저수지,,37.1888617,127.3069342,붕어+잉어,30000원,2024-07-16
사계절,저수지,,37.1343898,127.19417,붕어+잉어,25000원,2024-07-16
신 원,저수지,,37.1649538,127.2516595,붕어+잉어+향어,60000원,2024-07-16
요덕골,저수지,,37.1373894,127.2199263,붕어+잉어+향어,60000원,2024-07-16
창 리,저수지,,37.1400831,127.1846965,붕어+잉어,80000원,2024-07-16
동 막,저수지,,37.1446296,127.1325699,붕어+잉어+향어,20000원,2024-07-16
아 곡,저수지,,37.131062,127.4165405,붕어+잉어+향어,30000원,2024-07-16
두 창,저수지,,37.1489493,127.3348678,붕어+잉어+향어,25000원,2024-07-16
삼 인,저수지,,37.1583712,127.141521,붕어+잉어,50000원,2024-07-16
상 덕,저수지,,37.2149397,127.1636173,붕어+잉어,20000원,2024-07-16
한 터,저수지,,37.2599235,127.276299,붕어+잉어+향어,20000원,2024-07-16
신 기,저수지,,37.219866,127.1912656,붕어+잉어+향어,40000원,2024-07-16
지곡낚시터,저수지,"경기도 용인시 기흥구 지삼로250번길 65, 뜨레모아 (지곡동)",37.2308,127.135,붕어 등,2만원~15만원,2024-07-16
죠스실내낚시터,기타,경기도 용인시 기흥구 신갈로58번길 17 (신갈동),37.2726,127.1076,잉어 등,1만원~1.2만원,2024-07-16
물어실내바다낚시터,기타,경기도 용인시 처인구 포곡읍 영문로 128,37.27555,127.2063,랍스터,4.4만원,2024-07-16
장계,저수지,,37.040644,17.406525,붕어,낚시터 문의바람,2024-07-17
월향,저수지,경기도 안성시 고삼면 고삼호수로 144-4,37.085938,127.272579,붕어,낚시터 문의바람,2024-07-17
산우물,저수지,경기도 안성시 보개면 남사당로 539-8,37.060386,127.315883,붕어,낚시터 문의바람,2024-07-17
독정,저수지,경기도 안성시 원곡면 원당로 108,37.040221,127.159316,붕어,낚시터 문의바람,2024-07-17
개나리낚시공원,평지,경기도 안성시 삼죽면 개나리길 128,37.050525,127.372127,붕어,낚시터 문의바람,2024-07-17
고삼,저수지,,37.093261,127.289348,붕어,낚시터 문의바람,2024-07-17
관광농원낚시터,평지,경기도 여주시 북내면 중암2길 19-22,37.356465,127.710493,붕어,1일 30000원,2023-08-01
오산낚시터,평지,경기도 여주시 가남읍 양화로 154-23,37.2355128,127.559427,붕어,1일 10000원,2023-08-01
가남낚시터,평지,경기도 여주시 가남읍 건은로 82-67,37.194979,127.544009,붕어+잉어+향어,1일 30000원,2023-08-01
신근낚시터,저수지,경기도 여주시 흥천면 신율로 36,37.308914,127.557689,붕어,1일 10000원,2023-08-01
어우실낚시터,저수지,경기도 여주시 어우실길 65,37.151903,127.6579298,붕어,1일 20000원,2023-08-01
삼합낚시터,저수지,경기도 여주시 점동로650,37.199815,127.726804,붕어,1일 20000원,2023-08-01
금광호수,저수지,경기도 안성시 금광면 진안로 905,36.9898764,127.329794,붕어,낚시터 문의바람,2024-07-17
반제,저수지,경기도 안성시 원곡면 반제호수길 90,37.026444,127.165384,붕어,낚시터 문의바람,2024-07-17
꼴미,저수지,경기도 안성시 고삼면 삼은길 15,37.076432,127.288986,붕어,낚시터 문의바람,2024-07-17
칠곡,저수지,경기도 안성시 원곡면 만세로 1112,37.047548,127.155988,붕어,낚시터 문의바람,2024-07-17
두메,저수지,경기도 안성시 죽산면 두메호수로 90,37.008264,127.428955,붕어,낚시터 문의 바람,2024-07-17
청월,저수지,경기도 안성시 고삼면 고삼호수로 176-29,37.085688,127.277025,붕어,낚시터 문의바람,2024-07-17
연못,저수지,경기도 안성시 고삼면 산양길 22,37.094849,127.289617,붕어,낚시터 문의바람,2024-07-17
성은,저수지,경기도 안성시 원곡면 통심길 16-46,37.071231,127.166836,붕어,낚시터 문의바람,2024-07-17
도곡,저수지,경기도 안성시 양성면 양성로 376-101,37.088009,127.216608,붕어,낚시터 문의바람,2024-07-17
조일,저수지,경기도 안성시 양성면 조일말길 35-19,37.71125,127.212681,붕어,낚시터 문의바람,2024-07-17
만정,저수지,경기도 안성시 공도읍 만수동길 57,37.018111,127.183264,붕어,낚시터 문의바람,2024-07-17
신미골,저수지,경기도 안성시 삼죽면 신미1길 181,37.038116,127.377075,붕어,낚시터 문의 바람,2024-07-17
마둔,저수지,경기도 안성시 금광면 배티로 521,36.974239,127.314235,붕어,낚시터 문의바람,2024-07-17
용설,저수지,경기도 안성시 죽산면 용설호수길 174-13,37.057744,127.444983,붕어,낚시터 문의바람,2024-07-17
노곡,저수지,경기도 안성시 양성면 안성맞춤대로 2184-5,37.106131,127.253152,붕어,낚시터 문의바람,2024-07-17
농촌지,저수지,경기도 안성시 발화대길 221 (발화동),36.983539,127.284644,붕어,낚시터 문의바람,2024-07-17
덕산,저수지,경기도 안성시 삼죽면 덕산호수길 87,37.076725,127.366471,붕어,낚시터 문의 바람,2024-07-17
미산,저수지,경기도 안성시 양성면 미리내성지로 299-8,37.129984,127.257803,붕어,낚시터 문의바람,2024-07-17
동신곡,저수지,경기도 안성시 금광면 동신곡길 52,37.009422,127.331959,붕어,낚시터 문의바람,2024-07-17
장광,저수지,경기도 안성시 죽산면 관앞길 103-6,37.097851,127.429726,붕어,낚시터 문의바람,2024-07-17
명인,저수지,경기도 안성시 원곡면 새울길 87-12,37.071332,127.212969,붕어,낚시터 문의바람,2024-07-17
성주리,저수지,경기도 안성시 원곡면 원암로 194-93,37.082602,127.176224,붕어,낚시터 문의바람,2024-07-17
덕봉,저수지,경기도 안성시 양성면 덕봉서원로 601-76,37.052552,127.187616,붕어,낚시터 문의바람,2024-07-17
참샘,평지,경기도 안성시 원곡면 지문북길 98,37.067592,127.151253,붕어,낚시터 문의바람,2024-07-17
거청,저수지,경기도 안성시 대덕면 배꽃길 16,37.026031,127.240801,붕어,낚시터 문의바람,2024-07-17
묵리낚시터,저수지,경기도 용인시 처인구 이동읍 이원로 375,37.17612,127.2327,붕어,2만원~4만원,2024-07-16
용담낚시터,저수지,,37.18648,127.3066,붕어,2.5만원,2024-07-16
사계절낚시터,저수지,경기도 용인시 처인구 이동읍 경기동로742번길 56,37.13456,127.1942,붕어,2.5만원,2024-07-16
신원낚시터,저수지,,37.78644,127.2248,붕어,4만원~5만원,2024-07-16
두창낚시터,저수지,경기도 용인시 처인구 원삼면 두창호수로 105,37.14909,127.3349,붕어,2만원~5만원,2024-07-16
삼인낚시터,저수지,,37.15722,127.1425,붕어,4만원~5만원,2024-07-16
이동내수면어업계 낚시터,저수지,경기도 용인시 처인구 이동읍 경기동로842번길 15,37.1261,127.2041,붕어+잉어,4만원~5만원,2024-07-16
요덕골낚시터,저수지,,37.13821,127.22,붕어,3만원~5만원,2024-07-16
상덕낚시터,저수지,경기도 용인시 처인구 이동읍 상덕로 68-2,37.21537,127.1644,향어,2만원,2024-07-16
산장낚시터,저수지,,37.22594,127.3221,붕어,2만원~3만원,2024-07-16
동막낚시터,저수지,,37.14471,127.1326,붕어,2.5만원,2024-07-16
통삼낚시터,저수지,,37.12172,127.1354,붕어,2만원,2024-07-16
신기낚시터,저수지,경기도 용인시 처인구 신기로42번길 146,37.22014,127.1912,붕어,3만원,2024-07-16
아곡낚시터,저수지,,37.13117,127.4166,붕어,3만원,2024-07-16
고초골낚시터,저수지,,37.15746,127.2836,붕어,1.5만원~3만원,2024-07-16
창리낚시터,저수지,경기도 용인시 처인구 남사읍 경기동로518번길 56,37.14009,127.1847,붕어,2만원,2024-07-16
한터낚시터,저수지,경기도 용인시 처인구 양지면 한터로662번길 10,37.25983,127.2766,향어,1만원~3만원,2024-07-16
아마존실내낚시터,기타,"경기도 부천시 원미구 부흥로 404, 지하1층",37.4896579,126.78513,"붕어, 비단잉어, 송어 등","남:1만1천, 여:1만, 청소년이하:8천, 커플:1만8천",2024-07-17
한일낚시터,저수지,경기도 광주시 도척면 옛진말길 63-1,37.326982,127.329585,붕어+잉어,30000,2025-05-31
추곡낚시터,저수지,경기도 광주시 도척면 추곡길 91,37.280897,127.285867,붕어+향어+잉어+메기,30000,2025-05-31
진우낚시터,저수지,경기도 광주시 도척면 저수지길 182,37.311647,127.351043,붕어+잉어,30000,2025-05-31
양벌낚시터,저수지,경기도 광주시 양촌길 218,37.369619,127.258023,붕어+잉어,30000,2025-05-31
원실내바다낚시터,평지,경기도 양주시 율정로165번길 74-11 (율정동),37.82484,127.1062,붕어 등,"25,000원",2023-11-30
피쉬실내바다낚시터,기타,경기도 평택시 포승읍 고렴1길 35,37.0540876,126.92064,"우럭, 광어 등","[주간]3시간 : 44,000원6시간 : 66,000원[야간]4시간 : 44,000원7시간 : 66,000원",2024-05-31
안중락실내바다낚시터,기타,경기도 평택시 안중읍 서동대로 1758,36.9919455,126.944868,"우럭, 강도다리, 감성돔 등","3시간 44,000원6시간 66,000원8시간 77,000원",2024-05-31
낚시 훈련소,기타,경기도 평택시 문화촌로 9,36.996613,127.113874,"잉어, 향어 등","1시간 11,000원 (성인)1시간 11,000원 (중고생)1시간  9,000원 (초등생)",2024-05-31
덕목리205낚시터,평지,경기도 평택시 덕목5길 117-1,36.9542,126.969356,붕어+잉어,"1일 20000원 (평일, 휴일)",2024-05-31
고현낚시터,평지,경기도 평택시 고현길 38-48,37.130793,127.096181,붕어+잉어,"1일 15,000원 (08:00~18:00)1일 10,000원 (19:00~23:00)",2024-05-31
동막낚시터,저수지,경기도 평택시 동막길 127,37.074396,127.096081,붕어+잉어,"1일 10000원 (평일, 휴일)",2024-05-31
울성낚시터,저수지,경기도 평택시 울성길 237-20,37.016293,127.05912,붕어+잉어,"1일 15000원 (평일, 휴일)",2024-05-31
고잔낚시터,저수지,경기도 평택시 청북읍 고잔리 1-1,37.067541,126.909627,붕어+잉어,"1일 20,000원 (평일)1일 25,000원 (휴일)",2024-05-31
월곡낚시터,저수지,경기도 평택시 관동길 20,37.021253,127.130075,붕어+잉어,"1일 10000원 (평일, 휴일)",2024-05-31
오즈실내바다 낚시터,평지,경기도 남양주시 진접읍 경복대로 485,37.7384,127.2151,-,"77,000",2025-03-19
과림 낚시터,저수지,경기도 시흥시 과림저수지길 79,37.45313,126.82729,붕어+잉어,1일 30000원,2024-12-05
금이 낚시터,저수지,경기도 시흥시 금이진말길 159,37.39915,126.8295,붕어+잉어,1일 30000원,2024-12-05
뒷방울 낚시터,저수지,경기도 시흥시 뒷방울길 147,37.37137,126.74866,붕어+잉어,1일 30000원+(겨울)20000원,2024-12-05
청용 낚시터,저수지,경기도 시흥시 청룡저수지길 216,37.42252,126.76005,붕어+잉어,1일 30000원,2024-12-05
달월 낚시터,저수지,경기도 시흥시 군자로 125-39,37.37245,126.77062,붕어+잉어,1일 (손맛터)20000원+(잡이터)30000원,2024-12-05
칠리제 낚시터,저수지,경기도 시흥시 수인로 2564-8,37.40337,126.84862,붕어+잉어,1일 30000원,2024-12-05
샘골 낚시터,평지,경기도 시흥시 신흥마을5길 32-21,37.43943,126.77225,붕어+잉어,1일 15000원,2024-12-05
한탄강 낚시터,평지,경기도 시흥시 수인로 2495-1,37.3995,126.85366,붕어+잉어,1일 20000원,2024-12-05
약수 낚시터,평지,경기도 시흥시 동서로 989-32,37.38157,126.85253,붕어+잉어,(평일)10000원+(휴일)20000원,2024-12-05
계수 낚시터,평지,경기도 시흥시 구미1길 33,37.4516,126.80476,붕어+잉어,1일 10000원,2024-12-05
쉼터 낚시터,평지,경기도 시흥시 하중로 281,37.38821,126.80687,붕어+잉어,(평일)10000원+(휴일)15000원,2024-12-05
능곡 낚시터,평지,경기도 시흥시 시흥대로268번길 50-28,37.36146,126.81064,붕어+잉어,(평일)10000원+(휴일)20000원,2024-12-05
군자 낚시터,평지,경기도 시흥시 시흥대로216-18,37.35995,123.80808,붕어+잉어,1일 10000원,2024-12-05
산정 낚시터,평지,경기도 시흥시 피울길 173,37.36794,126.82918,붕어+잉어,1일 10000원,2024-12-05
까치 낚시터,평지,경기도 시흥시 수인로2107번길 146,37.36734,126.86603,붕어+잉어,1일 10000원,2024-12-05
달월사계절 낚시터,평지,경기도 시흥시 군자로 125-5,37.37326,126.76863,붕어+잉어,1일 10000원,2024-12-05
새미 낚시터,평지,,37.37363,126.86493,붕어+잉어,1일 10000원,2024-12-05
시흥드림바다 낚시터,기타,경기도 시흥시 황고개로293번길 7,37.35766,126.78533,광어,"2시간 33,000원+ 4시간 55,000원",2024-12-05
신천자연 낚시터,평지,경기도 시흥시 두문로71번길 18-5,37.43211,126.78494,붕어+잉어,1일 10000원,2024-12-05
왕골낚시터,평지,,37.36567,126.85757,붕어+잉어,1일 10000원,2024-12-05
지오낚시터,기타,경기도 연천군 군남면 청정로 2060,38.04319586,127.0296004,송어+메기,30000원,2024-07-31
삼화리낚시터,저수지,경기도 연천군 미산면 삼화2길 96,38.01270377,126.9767416,붕어,30000원,2024-07-31
양원리낚시터,저수지,경기도 연천군 전곡읍 양원로 108-37,37.98743059,127.021049,메기,30000원,2024-07-31
전곡낚시터,저수지,경기도 연천군 군남면 오리골길 124,38.03704578,127.03402,송어+메기,30000원,2024-07-31
한탄강낚시터,기타,경기도 연천군 전곡읍 평화로495번길 16-31,38.01517959,127.0675997,붕어,30000원,2024-07-31
백학낚시터,저수지,경기도 연천군 백학면 저수지길 21,38.032232,126.9250483,붕어+잉어,25000원,2024-07-31
조치원낚시터,평지,세종시 전동면 전동로 245,36.672891,127.269954,붕어,0,2023-03-16
잡아잡아낚시카페,기타,세종시 조치원읍 새내16길 28,36.604395,127.298527,기타,0,2023-03-16
용천농장낚시터,평지,세종시 금남면 황토고개길 80-10,36.453638,127.233773,붕어,0,2023-03-16
